,WADDR_ID,WXCORD,WYCORD
0,1 BROAD ST_CHATTANOOGA_TN,-85.310084,35.056018
1,1 CAMERON HILL CIR_CHATTANOOGA_TN,-85.31764400000003,35.053281999999996
2,1 FOUNTAIN SQUARE_CHATTANOOGA_TN,-85.30062111111111,35.044979444444444
3,1 SISKIN PLAZA_CHATTANOOGA_TN,-85.291675,35.050347
4,1 UNION SQ # 100_CHATTANOOGA_TN,-85.310938,35.045358
5,1 UNION SQ # 1_CHATTANOOGA_TN,-85.310938,35.045358
6,1 UNION SQ # 500_CHATTANOOGA_TN,-85.310938,35.045358
7,1 UNION SQ_CHATTANOOGA_TN,-85.31093155,35.04537436666667
8,10 BLUFF VIEW AVE_CHATTANOOGA_TN,-85.305494,35.0549489
9,10 FOUNTAIN CIR_CHATTANOOGA_TN,-85.2500785,35.0067267
10,10 SPRINGS ST_ROSSVILLE_GA,-85.2860676,34.9831309
11,10 W M L KING BLVD_CHATTANOOGA_TN,-85.3099079,35.04525
12,100 BRYAN ST_ROSSVILLE_GA,-85.289089,34.980214
13,100 E 10TH ST_CHATTANOOGA_TN,-85.308598,35.044428
14,100 E 11TH ST_CHATTANOOGA_TN,-85.307515,35.042752
15,100 GROSS CRESCENT CIR_FORT OGLETHORPE_GA,-85.26313116666667,34.94873366666666
16,100 HAMM RD_CHATTANOOGA_TN,-85.330636,35.052347
17,100 MITCHELL RD_FORT OGLETHORPE_GA,-85.218106,34.953883
18,1000 NEWBY ST_CHATTANOOGA_TN,-85.306671,35.043572
19,1000 RIVERFRONT PKWY_CHATTANOOGA_TN,-85.321654,35.047672
20,1001 AIRPORT ROAD_CHATTANOOGA_TN,-85.196696,35.037276
21,1001 BIRMINGHAM HIGHWAY_CHATTANOOGA_TN,-85.389817,34.995534
22,1001 BROAD ST_CHATTANOOGA_TN,-85.3104208,35.0448117
23,1001 LATTA ST_CHATTANOOGA_TN,-85.2680029,35.071133
24,1003 ASHLAND TERRACE_CHATTANOOGA_TN,-85.2630958,35.116392
25,1005 DODDS AVENUE_CHATTANOOGA_TN,-85.267734,35.025907
26,1005 MOUNTAIN CREEK RD_CHATTANOOGA_TN,-85.325924,35.109632
27,1005 RIDGEWAY AVE_SIGNAL MOUNTAIN_TN,-85.336348,35.127295
28,1008 N BEAUMONT RD_ROCK SPRING_GA,-85.1994734,34.8255313
29,1009 PINEVILLE ROAD_CHATTANOOGA_TN,-85.329624,35.073513
30,101 E 11TH ST # 100_CHATTANOOGA_TN,-85.307391,35.043665
31,101 STEPHENSON DR_FORT OGLETHORPE_GA,-85.2569,34.9489645
32,101 TENNESSEE 2_CHATTANOOGA_TN,-85.308264,35.0457804
33,1010 E 3RD ST_CHATTANOOGA_TN,-85.2898243,35.0474782
34,1014 JOHN ROSS RD_CHATTANOOGA_TN,-85.250511,34.996464
35,1014 JOHN ROSS RD_EAST RIDGE_TN,-85.249835,34.996129
36,1015 LAFAYETTE RD_CHICKAMAUGA_GA,-85.268726,34.87328
37,10180 DAYTON PIKE_SODDY-DAISY_TN,-85.181635,35.254592
38,102 OAK TRL_CHICKAMAUGA_GA,-85.290086,34.884259
39,1020 NORTH MOORE ROAD_CHATTANOOGA_TN,-85.220219,35.027539
40,1023 FALCON RUN DR_SODDY-DAISY_TN,-85.153289,35.237848
41,1025 S SEMINOLE DR_EAST RIDGE_TN,-85.26658,35.006835
42,103 WEST LAKE AVENUE_ROSSVILLE_GA,-85.288761,34.982796
43,10326 COUNTY HIGHWAY 603_LAKESITE_TN,-85.1116843,35.2277328
44,104 FORT HILL TER_DALTON_GA,-84.9635306,34.7718922
45,104 NOWLIN LN_CHATTANOOGA_TN,-85.2015511,35.0272397
46,10433 E BRAINERD RD_OOLTEWAH_TN,-85.0575788,34.9972085
47,10575 DAYTON PIKE_SODDY-DAISY_TN,-85.175645,35.264821
48,10606 APISON PIKE_APISON_TN,-85.035757,35.046438
49,10680 TREENA ST_SAN DIEGO_CA,-117.1138561,32.9117003
50,107 DODDS AVE_CHATTANOOGA_TN,-85.2638347,35.0318584
51,107 THORNTON AVE_CHATTANOOGA_TN,-85.240095,35.016188
52,108 CATOOSA CIR_INDIAN SPRINGS_GA,-85.181821,34.935917
53,108 JENKINS RD_FAIRVIEW_GA,-85.284469,34.944762
54,109 INDUSTRIAL PARK DR_SODDY-DAISY_TN,-85.217009,35.222674
55,109 N GERMANTOWN RD_CHATTANOOGA_TN,-85.2463609,35.026419
56,1090 MCCALLIE AVE_CHATTANOOGA_TN,-85.2859469,35.039578
57,10919 HIXSON PIKE_SODDY-DAISY_TN,-85.117242,35.25068
58,1092 CHAMBERLAIN AVE_CHATTANOOGA_TN,-85.2861318,35.0381647
59,110 BATTLEFIELD CROSSING COURT_RINGGOLD_GA,-85.200079,34.936203
60,110 N GREENWOOD AVE_CHATTANOOGA_TN,-85.2805179,35.0400829
61,1100 E 3RD ST_CHATTANOOGA_TN,-85.288174,35.045853
62,1100 HIXSON PIKE_CHATTANOOGA_TN,-85.289109,35.06847
63,1100 MARKET ST_CHATTANOOGA_TN,-85.3091585,35.043767599999995
64,1100 MCFARLAND AVE_ROSSVILLE_GA,-85.2931151,34.9734952
65,1100 MOUNTAIN CREEK ROAD_CHATTANOOGA_TN,-85.321119,35.111502
66,1101 BROAD ST_CHATTANOOGA_TN,-85.310759,35.043687
67,1101 CARTER ST_CHATTANOOGA_TN,-85.313305,35.043552
68,1101 MARKET ST_CHATTANOOGA_TN,-85.31040810810805,35.044611675675675
69,1101 MARKET ST_SIGNAL MOUNTAIN_TN,-85.31098,35.043284
70,1108 W 33RD ST_CHATTANOOGA_TN,-85.319693,35.014731
71,1110 MARKET STREET #200_CHATTANOOGA_TN,-85.308988,35.04284
72,1111 HENDERSON AVE_ROSSVILLE_GA,-85.29799,34.972459
73,1111 MARKET ST_CHATTANOOGA_TN,-85.30934325000001,35.0430153
74,1111 RIDGEWAY AVE_SIGNAL MOUNTAIN_TN,-85.336389,35.130017
75,1119 RIVERFRONT PKWY_CHATTANOOGA_TN,-85.321777,35.04305
76,112 CRESCENT AVE_CHICKAMAUGA_GA,-85.2953556,34.8735396
77,1120 KING ST_CHATTANOOGA_TN,-85.305339,35.041495
78,1122 RIVERFRONT PARKWAY_CHATTANOOGA_TN,-85.321157,35.044476
79,11400 HWY 41_RINGGOLD_GA,-85.073572,34.888643
80,115 BROWNS FERRY RD_CHATTANOOGA_TN,-85.3655912,35.0219485
81,11514 BIRCHWOOD PIKE_HARRISON_TN,-85.0607069,35.260794
82,11638 ARMSTRONG RD_SODDY-DAISY_TN,-85.111946,35.2819
83,11665 HIXSON PIKE_SODDY-DAISY_TN,-85.152379,35.283883
84,117 INDUSTRIAL PARK DR_SODDY-DAISY_TN,-85.216537,35.219729
85,117 SANTEELAH ST_RED BANK_TN,-85.281736,35.127472
86,11704 DOLLY POND ROAD_BIRCHWOOD_TN,-85.023048,35.270513
87,1175 NEW HOPE RD NW_TUNNEL HILL_GA,-84.986554,34.875636
88,1175 NEW HOPE RD NW_VARNELL_GA,-84.986554,34.875636
89,118 LEONA DR_RINGGOLD_GA,-85.210956,34.911614
90,1182 BATTLEFIELD PARKWAY_FORT OGLETHORPE_GA,-85.24484,34.951829
91,1182 MOUNTAIN CRK RD_CHATTANOOGA_TN,-85.316089,35.118832
92,1189 RIVERFRONT PARKWAY_CHATTANOOGA_TN,-85.321244,35.043809
93,1200 GROVE STREET CT_CHATTANOOGA_TN,-85.317831,35.043736
94,1200 MEMORIAL DR_DALTON_GA,-84.98375,34.788931500000004
95,1200 MEMORIAL DR_TUNNEL HILL_GA,-84.983704,34.788977
96,1200 MOUNTAIN CREEK RD_CHATTANOOGA_TN,-85.315016,35.118096
97,1201 BROAD ST_CHATTANOOGA_TN,-85.31012394999999,35.04128
98,1201 CHEROKEE TRAIL_CHATTANOOGA_TN,-85.333152,35.10368
99,1201 EAST MAIN ST_CHATTANOOGA_TN,-85.289512,35.029967
100,1201 RIVERFRONT PKWY_CHATTANOOGA_TN,-85.3210655,35.0435601
101,1201 SUCK CREEK ROAD_CHATTANOOGA_TN,-85.333152,35.10368
102,1202  CHEROKEE TRL_CHATTANOOGA_TN,-85.3582101,35.1040063
103,1204 WINSTON DR_DALTON_GA,-84.9483193,34.7573073
104,1209 E 23RD ST_CHATTANOOGA_TN,-85.2935826,35.022937
105,1209 GREENS LAKE RD_EAST RIDGE_TN,-85.252733,34.993131
106,1210 PREMIER DR_CHATTANOOGA_TN,-85.188458,35.012981
107,1210 TAFT HWY_SIGNAL MOUNTAIN_TN,-85.3238605,35.145622
108,1211 BOYNTON DRIVE_CHATTANOOGA_TN,-85.317159,35.044776
109,1212 BROADRICK DRIVE_DALTON_GA,-84.985492,34.783488
110,1212 ROCKY DELL LN_SIGNAL MOUNTAIN_TN,-85.316899,35.151967
111,122 BATTLEFIELD CIR_RINGGOLD_GA,-85.1660606,34.9253145
112,122 BATTLEFIELD CROSSING_RINGGOLD_GA,-85.2585674,34.9552433
113,1221 E MAIN ST_CHATTANOOGA_TN,-85.288591,35.029412
114,123 7TH ST_CHATTANOOGA_TN,-85.307626,35.048629
115,1231 TAFT HIGHWAY_SIGNAL MOUNTAIN_TN,-85.328992,35.139306
116,124 GATEWAY DR_RINGGOLD_GA,-85.150678,34.930518
117,12454 N HIGHWAY 27_CHICKAMAUGA_GA,-85.270029,34.878098
118,12454 N HWY 27_CHICKAMAUGA_GA,-85.270029,34.878098
119,1248 HIGHWAY 64_OCOEE_TN,-84.678893,35.111674
120,1250 CROSS PLAINS TRAIL_DALTON_GA,-84.938089,34.794334
121,1250 MARKET ST_CHATTANOOGA_TN,-85.3076279,35.0407129
122,1250 WILSON ROAD_ROSSVILLE_GA,-85.310219,34.974567
123,12587 N HIGHWAY 27_CHICKAMAUGA_GA,-85.271655,34.878428
124,1278 US 127_SIGNAL MOUNTAIN_TN,-85.353657,35.111819
125,1287 SEQUOYAH ACCESS RD_SODDY-DAISY_TN,-85.1515555,35.232218
126,1290 CHATTANOOGA RD_DALTON_GA,-84.9741353,34.7816881
127,1298 PEEPLES ST_CHATTANOOGA_TN,-85.3002813,35.038337
128,130 RICHARDSON DR_DALTON_GA,-84.925486,34.776151
129,130 WARREN ST_LAKEVIEW_GA,-85.258374,34.97048
130,1300 CENTRAL AVE_CHATTANOOGA_TN,-85.294894,35.03316
131,1300 CLEVELAND AVE_CHATTANOOGA_TN,-85.278354,35.045528
132,1300 MARKET STREET_CHATTANOOGA_TN,-85.30753,35.039349
133,1300 MARKET ST_CHATTANOOGA_TN,-85.30299,35.038075
134,1300 S CREST RD_ROSSVILLE_GA,-85.2734898,34.9796779
135,1300 TIARCO DRIVE SOUTHWEST_PHELPS_GA,-84.991973,34.688324
136,1301 CARTER ST_CHATTANOOGA_TN,-85.314416,35.041424
137,1301 DALLAS ROAD_CHATTANOOGA_TN,-85.304213,35.079255
138,1301 GREENS LAKE RD_EAST RIDGE_TN,-85.2522863,34.9914259
139,1301 JAMES BLVD_SIGNAL MOUNTAIN_TN,-85.333004,35.144333
140,1303 E 23RD ST_CHATTANOOGA_TN,-85.291535,35.02218
141,1305 CARTER ST_CHATTANOOGA_TN,-85.314854,35.04074
142,1306 LULA LAKE ROAD_LOOKOUT MOUNTAIN_GA,-85.358604,34.9743
143,1308 ELY RD_CHATTANOOGA_TN,-85.2621454,35.1216301
144,1309 REDMOND RD_ROME_GA,-85.1986618,34.2784265
145,1313 EAST 12TH STREET_CHATTANOOGA_TN,-85.285933,35.031519
146,1320 EAST 49TH STREET_CHATTANOOGA_TN,-85.295311,34.985973
147,1325 NEW HOPE RD_SPRING PLACE_GA,-84.845548,34.7247372
148,1330 APPLING ST_CHATTANOOGA_TN,-85.262345,35.070622
149,1335 MACKEY BRANCH DR_CHATTANOOGA_TN,-85.156353,35.012915
150,1350 MACKEY AVE_CHATTANOOGA_TN,-85.1533874,35.0059502
151,1361 GEORGIA 201_VARNELL_GA,-84.9779462,34.8821498
152,13816 MT TABOR RD_SODDY-DAISY_TN,-85.080854,35.327036
153,1398 CHESTNUT ST_CHATTANOOGA_TN,-85.3127898,35.0394758
154,1400 MARKET ST_CHATTANOOGA_TN,-85.3068902,35.0372059
155,1401 MUELLER AVENUE_CHATTANOOGA_TN,-85.254682,35.086935
156,1401 OAK STREET_CHATTANOOGA_TN,-85.279996,35.039852
157,14049 LOOKOUT MOUNTAIN SCENIC HWY_LOOKOUT MOUNTAIN_GA,-85.3743885,34.9632966
158,14049 SCENIC HWY_LOOKOUT MOUNTAIN_GA,-85.37474733333333,34.96579
159,14049 SCENIC HWY_MORGANVILLE_GA,-85.410689,34.92425
160,1405 MCFARLAND AVE_ROSSVILLE_GA,-85.2952998,34.9693141
161,1410 COWART ST_CHATTANOOGA_TN,-85.309678,35.0376679
162,1412 OLD DUG GAP RD_DALTON_GA,-84.9980671,34.7241101
163,1414 CONTINENTAL DR_CHATTANOOGA_TN,-85.288847,35.085906
164,142 CARBONDALE ROAD SOUTHWEST_DALTON_GA,-84.982201,34.654132
165,1421 CLOVERDALE CIRCLE_HIXSON_TN,-85.246803,35.130583
166,14237 ALABAMA HWY_ROCK SPRING_GA,-85.148872,34.777342
167,1425 MCFARLAND AVE_ROSSVILLE_GA,-85.296815,34.966915
168,1425 S MOORE RD_EAST RIDGE_TN,-85.237375,34.996723
169,1428 CHESTNUT ST_CHATTANOOGA_TN,-85.31283,35.038449
170,144 CIRCLE DR_RINGGOLD_GA,-85.1181185,34.9198961
171,1440 PALISADES RD_SIGNAL MOUNTAIN_TN,-85.351142,35.107819
172,1450 STRAWBERRY LN_EAST CLEVELAND_TN,-84.8500766,35.1567391
173,14705 DAYTON PIKE_SALE CREEK_TN,-85.114988,35.373126
174,149 N GEENWOOD AVE_CHATTANOOGA_TN,-85.281024,35.0392689
175,14904 STATE HIGHWAY 58 S_DECATUR_TN,-84.8032954,35.4930466
176,1500 AVIATION BOULEVARD_ATLANTA_GA,-84.415791,33.641123
177,1500 FINCHER AVE_CHATTANOOGA_TN,-85.205094,34.9878039
178,1500 LEXINGTON ST_CHATTANOOGA_TN,-85.287065,35.070013
179,1502 CORONET DR_DALTON_GA,-84.9661798,34.7994492
180,1502 GUNBARREL RD_CHATTANOOGA_TN,-85.16191,35.01696
181,1505 CLOVERDALE DR_HIXSON_TN,-85.247424,35.129539
182,1507 BROOMTOWN RD_LAFAYETTE_GA,-85.30169197500001,34.6838835
183,1507 CLOVERDALE DR_CHATTANOOGA_TN,-85.2475994,35.1288704
184,1507 WILDER ST_CHATTANOOGA_TN,-85.256394,35.076192
185,1508 TOMBRAS AVE_EAST RIDGE_TN,-85.240822,34.995289
186,1510 GUNBARREL RD_CHATTANOOGA_TN,-85.16148,35.01757
187,1511 RIVERVIEW RD_CHATTANOOGA_TN,-85.283288,35.064578
188,1511 TENNESSEE 17_CHATTANOOGA_TN,-85.285072,35.0278397
189,1512 MCBRIEN RD_EAST RIDGE_TN,-85.235696,34.994189
190,154 HUNT DR_ROSSVILLE_GA,-85.209455,34.980936
191,155 CENTRAL AVE_BENTON_TN,-84.5668815,35.2383543
192,155 UNAKA ST_RED BANK_TN,-85.2892189,35.1187486
193,16 FAIRHILLS DR_CHATTANOOGA_TN,-85.291071,35.063437
194,1600 E 3RD ST_CHATTANOOGA_TN,-85.276456,35.041621
195,1601 MARKET ST_CHATTANOOGA_TN,-85.307821,35.035312
196,1601 REGGIE WHITE BLVD_CHATTANOOGA_TN,-85.315406,35.037467
197,1602 ARAPAHO DR_SODDY-DAISY_TN,-85.098297,35.305447
198,1607 HAMILL ROAD_HIXSON_TN,-85.247993,35.118767
199,1617 WILCOX BLVD_CHATTANOOGA_TN,-85.269301,35.056975
200,1619 ROSSVILLE AVENUE_CHATTANOOGA_TN,-85.304891,35.033895
201,1635 CHESTNUT ST_CHATTANOOGA_TN,-85.3144329,35.037047
202,165 HAMM RD_CHATTANOOGA_TN,-85.328332,35.055923
203,1667 OOLTEWAH RINGGOLD RD_EAST BRAINERD_TN,-85.094481,35.001345
204,1701 E MAIN ST_CHATTANOOGA_TN,-85.28248,35.027216
205,1703 E 48TH ST_CHATTANOOGA_TN,-85.289312,34.987841
206,1704 VINE ST_CHATTANOOGA_TN,-85.276228,35.03819
207,1705 WHITEOAK RD_CHATTANOOGA_TN,-85.3004455,35.0831108
208,171 BAYLOR SCHOOL RD_CHATTANOOGA_TN,-85.337729,35.086741
209,1713 CHICKAMAUGA LOOP_CHATTANOOGA_TN,-85.194703,35.03751
210,1715 W 38TH ST_CHATTANOOGA_TN,-85.32923550000001,35.0126735
211,1719 CANNON DR_FORT OGLETHORPE_GA,-85.230322,34.9513109
212,1720 GUNBARREL RD #304_CHATTANOOGA_TN,-85.159324,35.021746
213,1720 GUNBARREL RD_CHATTANOOGA_TN,-85.159324,35.021746
214,1720 S SCENIC HWY_CHATTANOOGA_TN,-85.339767,35.018887
215,1720 SOUTH SCENIC HIGHWAY_CHATTANOOGA_TN,-85.339767,35.018887
216,173 CECIL LN_CHATTANOOGA_TN,-85.2496489,34.9865697
217,1730 GUNBARREL RD_CHATTANOOGA_TN,-85.158406,35.022318
218,1736 GUNBARREL RD_CHATTANOOGA_TN,-85.158755,35.022838
219,1740 DAYTON BLVD_RED BANK_TN,-85.317793,35.083231
220,1740 GUNBARREL RD_CHATTANOOGA_TN,-85.158585,35.023156
221,1751 GUNBARREL RD_CHATTANOOGA_TN,-85.1601664,35.0217696
222,1792 DAYTON BLVD_CHATTANOOGA_TN,-85.3176064,35.0839974
223,180 CROSS PLAINS BLVD SE_PHELPS_GA,-84.974727,34.6715
224,1800 E 18TH ST_CHATTANOOGA_TN,-85.27852,35.022068
225,1800 MCCALLIE AVE_CHATTANOOGA_TN,-85.275829,35.036051
226,1801 EAST 23RD STREET_CHATTANOOGA_TN,-85.286772,35.020855
227,1801 S HOLTZCLAW AVE_CHATTANOOGA_TN,-85.2913839,35.025034
228,1801 SOUTH HOLTZCLAW AVENUE_CHATTANOOGA_TN,-85.291384,35.025034
229,1815 MCCALLIE AVE_CHATTANOOGA_TN,-85.2749,35.036275
230,1816 GUNBARREL RD_CHATTANOOGA_TN,-85.155715,35.024589
231,182 TIGER TRL_RINGGOLD_GA,-85.109621,34.92005
232,1821 WENDELL ST_DALTON_GA,-84.9424003,34.7429403
233,1831 HICKORY VALLEY RD_CHATTANOOGA_TN,-85.175304,35.031258
234,1836 THRASHER PIKE_HIXSON_TN,-85.180512,35.177293
235,1850 BATTLEFIELD PARKWAY_FORT OGLETHORPE_GA,-85.23529323333334,34.94713496666667
236,187 WREN DR_INDIAN SPRINGS_GA,-85.183192,34.983435
237,1875 FANT DR_FORT OGLETHORPE_GA,-85.242834,34.956327
238,190 DEPOT ST_SODDY-DAISY_TN,-85.158073,35.289549
239,1900 BROAD STREET_CHATTANOOGA_TN,-85.313022,35.033754
240,1901 DODDS AVE_CHATTANOOGA_TN,-85.2723707,35.0179649
241,1902 ROCK BLUFF RD_MIDDLE VALLEY_TN,-85.175416,35.15591
242,1903 E 24TH STREET PL_CHATTANOOGA_TN,-85.284801,35.017124
243,1905 GUNBARREL RD_CHATTANOOGA_TN,-85.1574759,35.0269153
244,1906 GUNBARREL RD_CHATTANOOGA_TN,-85.156559,35.0274829
245,1908 COWART ST_CHATTANOOGA_TN,-85.312031,35.033414
246,1911 AMBERLEY TRL_EAST BRAINERD_TN,-85.122919,35.011213
247,1915 BATTLEFIELD PARKWAY_FORT OGLETHORPE_GA,-85.233746,34.947848
248,1919 POLYMER DRIVE_CHATTANOOGA_TN,-85.194897,35.041785
249,1929 SHERMAN ST_CHATTANOOGA_TN,-85.261872,35.060285
250,193 CHESTNUT STREET_CHATTANOOGA_TN,-85.311891,35.055182
251,1949 GUNBARREL RD_CHATTANOOGA_TN,-85.1544695,35.0322815
252,1950 HIXSON PIKE_CHATTANOOGA_TN,-85.2907703,35.0832005
253,1951 E HWY 136_LAFAYETTE_GA,-85.247018,34.697431
254,1966 NORTHPOINT BOULEVARD_HIXSON_TN,-85.246433,35.138575
255,1981 KEITH ST NW_CLEVELAND_TN,-84.878174,35.1747814
256,1B RIVERSIDE LN_CHATTANOOGA_TN,-85.273314,35.082238
257,2 BROAD ST_CHATTANOOGA_TN,-85.3106244,35.0547514
258,2 DOGWOOD DR_FORT OGLETHORPE_GA,-85.252966,34.965079
259,2 EAST 38TH STREET_CHATTANOOGA_TN,-85.310295,35.004429
260,2 PELICAN DR_CHATTANOOGA_TN,-85.1892839,35.0690793
261,20 POLK CIR_FORT OGLETHORPE_GA,-85.251532,34.946258
262,200 CENTRAL AVE_CHATTANOOGA_TN,-85.287963,35.047272
263,200 E MARTIN LUTHER KING BLVD_CHATTANOOGA_TN,-85.306449,35.0446
264,200 RIVER RD_DECATUR_TN,-84.791325,35.5194621
265,200 STATE HIGHWAY 316_CHATTANOOGA_TN,-85.3116346,35.0456676
266,2000 HAMILTON PLACE BLVD_CHATTANOOGA_TN,-85.164669,35.032539
267,2000 SEQUOYAH ACCESS RD_SODDY-DAISY_TN,-85.1115397,35.2277293
268,2000 SOUTH WILLOW ST_CHATTANOOGA_TN,-85.279779,35.019573
269,2000 STEIN DR_CHATTANOOGA_TN,-85.185636,35.054829
270,2001 CENTURY OAKES DR_CHATTANOOGA_TN,-85.1834881,35.0769693
271,2001 RIVERSIDE DR_CHATTANOOGA_TN,-85.277231,35.05828
272,2002 E 34TH ST_CHATTANOOGA_TN,-85.288568,35.005185
273,2003 JERSEY PIKE_CHATTANOOGA_TN,-85.2001242,35.055367
274,2005 LAUREL AVE_WALDEN_TN,-85.3197417,35.1490348
275,2007 POLK ST_CHATTANOOGA_TN,-85.296659,35.025122
276,2009 CURTAIN POLE RD_CHATTANOOGA_TN,-85.275515,35.062488
277,201 ALCOA HWY_LOUISVILLE_TN,-83.990808,35.806431
278,201 BROAD ST_CHATTANOOGA_TN,-85.311189,35.054403
279,201 CHESTNUT ST_CHATTANOOGA_TN,-85.310754,35.05508
280,201 E 5TH ST_CHATTANOOGA_TN,-85.3074916,35.0510034
281,201 GORDON ST_CHICKAMAUGA_GA,-85.2910755,34.8720943
282,201 S HAMILTON ST_DALTON_GA,-84.967327,34.770309
283,201 S MAIN ST # B_LAFAYETTE_GA,-85.282147,34.703922
284,201 STANFORD DR_FLINTSTONE_GA,-85.345281,34.903312
285,2010 E 20TH ST_CHATTANOOGA_TN,-85.2811697,35.020876
286,2012 ANDERSON AVE_CHATTANOOGA_TN,-85.275796,35.028986
287,2012 STEIN DR_CHATTANOOGA_TN,-85.1862559,35.0537431
288,2015 OOLTEWAH RINGGOLD RD_EAST BRAINERD_TN,-85.0927949,35.0036294
289,202 TREMONT STREET_CHATTANOOGA_TN,-85.303971,35.062711
290,202 TUNNEL BLVD_CHATTANOOGA_TN,-85.247235,35.027757
291,2020 GUNBARREL RD 300_CHATTANOOGA_TN,-85.153095,35.03053
292,2020 GUNBARREL RD_CHATTANOOGA_TN,-85.15298233333333,35.030371699999996
293,2025 HICKORY VALLEY ROAD_EAST BRAINERD_TN,-85.1093672,35.0162122
294,2030 HAMILTON PLACE BLVD_CHATTANOOGA_TN,-85.1625141,35.032428566666674
295,204 HIGH ST_CHATTANOOGA_TN,-85.3054047,35.0547716
296,204 OLD SALEM CHURCH RD_RINGGOLD_GA,-85.039204,34.944395
297,2040 HAMILTON PLACE BLVD # 150_CHATTANOOGA_TN,-85.159515,35.030754
298,2048 INDUSTRIAL BLVD_KIMBALL_TN,-85.647759,35.0484
299,205 INDUSTRIAL BLVD_DALTON_GA,-84.9736809,34.735575
300,205 ISLAND AVE_CHATTANOOGA_TN,-85.299005,35.06164
301,2051 HAMILL RD_CHATTANOOGA_TN,-85.23779333333334,35.123957
302,2051 HAMILL RD_HIXSON_TN,-85.2377455,35.1251515
303,2062 HAMILL ROAD_HIXSON_TN,-85.237287,35.122883
304,207 PHELPS ROAD SOUTHEAST_DALTON_GA,-84.985602,34.697235
305,207 TREMONT ST_CHATTANOOGA_TN,-85.303889,35.063052
306,208 WALKER RD_MORGANVILLE_GA,-85.4148782,34.9520256
307,210 THOMAS AVENUE_CHICKAMAUGA_GA,-85.290507,34.872127
308,2100 GLASS STREET_CHATTANOOGA_TN,-85.259122,35.062228
309,2100 HAMILTON PLACE BLVD_CHATTANOOGA_TN,-85.15775857999999,35.033466139999994
310,2101 BROAD ST_CHATTANOOGA_TN,-85.3140779,35.0326325
311,2101 POLYMER DR_CHATTANOOGA_TN,-85.193932,35.04469
312,2103 FIBER PARK DR_DALTON_GA,-85.0036083,34.7660071
313,2108 HAMILTON PL BLVD_CHATTANOOGA_TN,-85.1608892,35.0370061
314,211 FRANKLIN ROAD_LOOKOUT MOUNTAIN_TN,-85.351045,34.995198
315,211 SUNNYBROOK TRAIL_SIGNAL MOUNTAIN_TN,-85.349122,35.129803
316,211 SUNNYBROOK TRL_SIGNAL MOUNTAIN_TN,-85.349122,35.129803
317,211 WEST 6TH STREET_CHATTANOOGA_TN,-85.311801,35.04963
318,2113 MCCALLIE AVENUE_CHATTANOOGA_TN,-85.271346,35.034758
319,2115 GUNBARREL RD_CHATTANOOGA_TN,-85.154394,35.03395
320,2117 FRANKIE LN_LAKESITE_TN,-85.111586,35.251648
321,2117 MILLARD RD_SODDY-DAISY_TN,-85.13427,35.215783
322,2120 HAMILTON PLACE BLVD_CHATTANOOGA_TN,-85.157389,35.035227
323,2121 POLYMER DRIVE_CHATTANOOGA_TN,-85.194047,35.046082
324,2124 DAYTON BOULEVARD_CHATTANOOGA_TN,-85.30903,35.092538
325,213 W 16TH ST_CHATTANOOGA_TN,-85.309822,35.0360728
326,2131 NORTHGATE MALL DR_CHATTANOOGA_TN,-85.240582,35.133002
327,2139 CHAPMAN RD_CHATTANOOGA_TN,-85.1887008,35.0584734
328,214 ANDREWS ST_ROSSVILLE_GA,-85.2863769,34.9817175
329,2140 E 28TH ST_CHATTANOOGA_TN,-85.284082,35.011038
330,215 RIVER STREET_CHATTANOOGA_TN,-85.305522,35.061731
331,2151 HAMILL RD_CHATTANOOGA_TN,-85.2341811,35.124266
332,216 THACKER DR_ROCK SPRING_GA,-85.2463138,34.8151077
333,2164 S SHORE ACRES RD_SALE CREEK_TN,-85.077955,35.301197
334,2171 SHEPHERD RD_CHATTANOOGA_TN,-85.1820253,35.0450534
335,218 E MAIN ST_CHATTANOOGA_TN,-85.304813,35.034934
336,2180 GUNBARREL RD_CHATTANOOGA_TN,-85.149978,35.035283
337,2190 S LEE HWY_CLEVELAND_TN,-84.9082653,35.1515026
338,220 COMPRESS STREET_CHATTANOOGA_TN,-85.322356,35.063356
339,2200 E 3RD ST_CHATTANOOGA_TN,-85.267722,35.03908
340,2200 MORRIS HILL ROAD_CHATTANOOGA_TN,-85.119795,35.02915
341,2200 N CHAMBERLAIN AVE_CHATTANOOGA_TN,-85.249242,35.061968
342,2205 IVY ST_CHATTANOOGA_TN,-85.268741,35.036964
343,2205 MCCALLIE AVE_CHATTANOOGA_TN,-85.269311,35.035403
344,2205 S HOLTZCLAW AVE_CHATTANOOGA_TN,-85.2916089,35.023004
345,2205 SOUTH HOLTZCLAW AVENUE_CHATTANOOGA_TN,-85.291609,35.023004
346,2207 OLAN MILLS DRIVE_CHATTANOOGA_TN,-85.185082,35.05072
347,221 IVY ST_LAKEVIEW_GA,-85.265739,34.972191
348,2210 HAMILTON PKWY BLVD_CHATTANOOGA_TN,-85.155571,35.03948
349,2213 HAMILTON PLACE BLVD_CHATTANOOGA_TN,-85.156113,35.039782
350,2215C OLAN MILLS DR_CHATTANOOGA_TN,-85.184637,35.05119
351,2219 JENKINS RD_CHATTANOOGA_TN,-85.1353013,35.0319676
352,222 INDUSTRIAL DRIVE_CHICKAMAUGA_GA,-85.262086,34.85223
353,2220 HAMILTON PLACE BOULEVARD_CHATTANOOGA_TN,-85.155124,35.040575
354,2229 OLAN MILLS DR_CHATTANOOGA_TN,-85.184245,35.051826
355,224 BOOTH RD_CHATTANOOGA_TN,-85.244954,35.028599
356,2244 POLYMER DRIVE_CHATTANOOGA_TN,-85.194038,35.05328
357,225 E 8TH ST_CHATTANOOGA_TN,-85.306312,35.046961
358,2253 CHAMBLISS AVE NW_CLEVELAND_TN,-84.870882,35.175693
359,2288 GUNBARREL RD_CHATTANOOGA_TN,-85.149144,35.038915
360,2290 GUNBERREL RD_CHATTANOOGA_TN,-85.149937,35.037407
361,23 N CREST RD_CHATTANOOGA_TN,-85.25733,35.0312119
362,2300 E 3RD ST_CHATTANOOGA_TN,-85.266525,35.038324
363,2302 OCOEE ST_CHATTANOOGA_TN,-85.258394,35.054512
364,2305 ABUTMENT RD_PHELPS_GA,-84.9625618,34.7254703
365,2305 CHAMBLISS AVE NW_CLEVELAND_TN,-84.869778,35.177377
366,2305 EAST 3RD STREET_CHATTANOOGA_TN,-85.265883,35.039302
367,2310 EAST 23RD STREET_CHATTANOOGA_TN,-85.276667,35.016273
368,2312 DUNCAN AVE_CHATTANOOGA_TN,-85.268755,35.032202
369,2333 MCCALLIE AVE_CHATTANOOGA_TN,-85.26772754545455,35.03459018181818
370,2350 SHALLOWFORD VILLAGE DRIVE_CHATTANOOGA_TN,-85.154342,35.045499
371,2395 ROSSVILLE BOULEVARD_CHATTANOOGA_TN,-85.296384,35.022398
372,2401 BACHMAN STREET_CHATTANOOGA_TN,-85.248695,35.068116
373,2412 BIRD ST_CHATTANOOGA_TN,-85.245153,35.0659599
374,2412 CORRAL RD_SIGNAL MOUNTAIN_TN,-85.3290447,35.2001117
375,2412 MCCALLIE AVE_CHATTANOOGA_TN,-85.26639,35.032526
376,2415 MCCALLIE AVE_CHATTANOOGA_TN,-85.265847,35.033127
377,243 GENTRY RD_RINGGOLD_GA,-85.1440067,34.9829502
378,244 E 11TH ST_CHATTANOOGA_TN,-85.3066023,35.0428836
379,2478 HAPPY VALLEY RD_FAIRVIEW_GA,-85.312469,34.94929
380,2478 HAPPY VALLEY ROAD_FAIRVIEW_GA,-85.312469,34.94929
381,25 ASBURY DR_CHATTANOOGA_TN,-85.231941,35.013834
382,2500 DODDS AVE_CHATTANOOGA_TN,-85.2735081,35.0156537
383,2500 EAST 37TH STREET_CHATTANOOGA_TN,-85.284938,34.999477
384,2501 DODDS AVENUE_CHATTANOOGA_TN,-85.275495,35.012446
385,2507 JENKINS RD_CHATTANOOGA_TN,-85.129481,35.0438
386,2515 E 43RD ST_CHATTANOOGA_TN,-85.287145,34.994777
387,2525 DESALES AVE_CHATTANOOGA_TN,-85.26022478571429,35.04176092857142
388,2525 GLENWOOD DR_CHATTANOOGA_TN,-85.2577589,35.0494067
389,2564 KINGSLEY CT_CHATTANOOGA_TN,-85.143407,35.044602
390,26 W 20TH ST_CHATTANOOGA_TN,-85.309709,35.031606
391,260 SCHOOL ST_SODDY-DAISY_TN,-85.162485,35.291779
392,2600 4TH AVE_CHATTANOOGA_TN,-85.282138,35.012777
393,2600 8TH AVE_CHATTANOOGA_TN,-85.277463,35.012222
394,2600 IGOU FERRY ROAD_SODDY-DAISY_TN,-85.101783,35.231637
395,2600 WALKER RD_CHATTANOOGA_TN,-85.136908,35.05280593333333
396,2605 EAST 30TH STREET_CHATTANOOGA_TN,-85.279546,35.007724
397,2625 U.S. 27_LAFAYETTE_GA,-85.2751642,34.7024585
398,2626 WALKER RD # 1_CHATTANOOGA_TN,-85.137946,35.053099
399,2626 WALKER RD_CHATTANOOGA_TN,-85.1379465,35.0530991
400,2636 WALKER ROAD_CHATTANOOGA_TN,-85.137954,35.053521
401,2643 BATTLEFIELD PKWY_FORT OGLETHORPE_GA,-85.221462,34.943169
402,2645 LAFAYETTE ROAD_FORT OGLETHORPE_GA,-85.259009,34.952316
403,2650 SAM POWELL DRIVE_SIGNAL MOUNTAIN_TN,-85.365832,35.160131
404,2651 RIVERPORT RD_CHATTANOOGA_TN,-85.274123,35.079993
405,268 WEST JACKSON AVENUE_SPRING CITY_TN,-84.861092,35.695619
406,2700 PARKWOOD AVENUE_CHATTANOOGA_TN,-85.257413,35.039411
407,2701 BELLE ARBOR AVENUE_CHATTANOOGA_TN,-85.265964,35.074299
408,2703 RALPH BUCKNER BLVD NE_CLEVELAND_TN,-84.8524496,35.1672878
409,2706 WILSON ROCKY DELL_SIGNAL MOUNTAIN_GA,-85.4669704,34.5346219
410,2707 CITICO AVE_CHATTANOOGA_TN,-85.257374,35.041718
411,271 NORTHGATE MALL_CHATTANOOGA_TN,-85.240549,35.129211
412,2711 BOYNTON DR_INDIAN SPRINGS_GA,-85.16803,34.9237721
413,2713 GLENWOOD PKWY_CHATTANOOGA_TN,-85.259813,35.035095
414,2746 RINGGOLD RD_EAST RIDGE_TN,-85.2675762,35.0089893
415,278 OAK GROVE ROAD_CHICKAMAUGA_GA,-85.329124,34.853966
416,2800 MCCALLIE AVE_CHATTANOOGA_TN,-85.2615089,35.0313017
417,2800 RIVERPORT RD_CHATTANOOGA_TN,-85.268611,35.079942
418,2800 STEAM PLANT ACCESS RD_STEVENSON_AL,-85.7660202,34.8883372
419,2810 WALKER RD_CHATTANOOGA_TN,-85.13794,35.0588819
420,2814 EDWARDS POINT RD_FAIRMOUNT_TN,-85.3590265,35.1558906
421,2816 EBLEN DR_CHATTANOOGA_TN,-85.156106,35.0639759
422,2821 ROSSVILLE BLVD_CHATTANOOGA_TN,-85.294755,35.013513
423,285 MAIN ST_DAYTON_TN,-85.013503,35.492132
424,29 TIGER TRAIL_RINGGOLD_GA,-85.111631,34.92203645
425,2943 FOLTS CIR_CHATTANOOGA_TN,-85.291431,35.094571
426,297 WEST 38TH STREET_CHATTANOOGA_TN,-85.314671,35.007035
427,298 E 6TH ST_CHATTANOOGA_TN,-85.306398,35.0497525
428,300 BROOKFIELD AVE_CHATTANOOGA_TN,-85.239462,35.012377
429,300 CHESTNUT ST_CHATTANOOGA_TN,-85.3118,35.05346
430,300 CRESCENT AVE_CHICKAMAUGA_GA,-85.297572,34.871196
431,300 KING ST_COHUTTA_GA,-84.9505728,34.9659936
432,300 W RIDGEWOOD AVE_CHATTANOOGA_TN,-85.314198,35.092934
433,300 WIEHL ST_CHATTANOOGA_TN,-85.2897151,35.047988
434,3000 PRESTON STATION DR_HIXSON_TN,-85.2148349,35.134758
435,3002 JERSEY PIKE_CHATTANOOGA_TN,-85.196835,35.0575
436,3009 WOOD AVE_CHATTANOOGA_TN,-85.2596,35.076147
437,301 E 20TH ST_CHATTANOOGA_TN,-85.305578,35.030842
438,3010 LANCASTER CIR_CHATTANOOGA_TN,-85.302462,35.106327
439,3016 BATTLEFIELD PARKWAY_FORT OGLETHORPE_GA,-85.214822,34.938975
440,302 NORTHGATE MALL DR_CHATTANOOGA_TN,-85.236705,35.130426
441,304 NORTH MAIN STREET_LAFAYETTE_GA,-85.281634,34.708296
442,306 COVE ROAD_CHICKAMAUGA_GA,-85.293772,34.869366
443,3074 HICKORY VALLEY RD_CHATTANOOGA_TN,-85.15459279999999,35.0735682
444,3097 MARKET ST_DAYTON_TN,-85.0024532,35.5097921
445,31 ANCHOR DR_ROSSVILLE_GA,-85.228421,34.970061
446,310 DODDS AVE_CHATTANOOGA_TN,-85.264032,35.0312121
447,310 EAST EIGHTH STREET_CHATTANOOGA_TN,-85.3058483,35.0464822
448,310 MEMORIAL DR_RED BANK_TN,-85.305058,35.092951
449,3101 PARKER LN_CHATTANOOGA_TN,-85.362123,35.0269199
450,311 MARTIN LUTHER KING BLVD_CHATTANOOGA_TN,-85.30967565,35.04569195
451,312 HANNAH LN_HIXSON_TN,-85.221252,35.182766
452,312 VINE STREET_CHATTANOOGA_TN,-85.305376,35.049622
453,3130 BEE TREE LN_FAIRMOUNT_TN,-85.331179,35.165717
454,314 BARBARA CIR_CHATTANOOGA_TN,-85.2326159,35.009245
455,314 SPEARS AVE_CHATTANOOGA_TN,-85.310042,35.065268
456,315 WILLOW GLEN RD_CHATTANOOGA_TN,-85.167463,34.987497
457,3150 BOYNTON DR_RINGGOLD_GA,-85.1746566,34.9254053
458,316 BULL DOG TRL_ROSSVILLE_GA,-85.29667,34.98132
459,316 N BRAGG AVE_LOOKOUT MOUNTAIN_TN,-85.347787,34.999088
460,316 S MISSION RIDGE DR_ROSSVILLE_GA,-85.287305,34.966885
461,3167 ELMENDORF CIR_CHATTANOOGA_TN,-85.263793,35.080379
462,3175 CEDARTOWN HWY_ROME_GA,-85.2075286,34.1698091
463,3186 DIETZ RD_RINGGOLD_GA,-85.2109342,34.929011
464,320 MAXWELL ROAD_ALPHARETTA_GA,-84.300674,34.066594
465,320 MCCALLIE AVE_CHATTANOOGA_TN,-85.3063624,35.0477289
466,3212 DAYTON BLVD_CHATTANOOGA_TN,-85.2961062,35.1079682
467,3214 HIXSON PIKE_CHATTANOOGA_TN,-85.2793857,35.0994889
468,322 EVITT LANE_RINGGOLD_GA,-85.226054,34.961829
469,323 WEST MAIN STREET_CAMDEN_TN,-88.113902,36.057212
470,324 W 4TH AVE_DAYTON_TN,-85.0113209,35.495955
471,324 WARREN DR_CHATTANOOGA_TN,-85.370998,35.032761
472,325 WOLFE ST_COHUTTA_GA,-84.95151,34.9595694
473,326 HERMAN BUCK LN_CHICKAMAUGA_GA,-85.343906,34.85464
474,3300 BROAD ST_CHATTANOOGA_TN,-85.322113,35.016906
475,3301 DODSON AVE_CHATTANOOGA_TN,-85.248631,35.075534
476,331 STEWART ST_OGLETHORPE_GA,-84.0614459,32.2889051
477,3310 ALTA VISTA DR_CHATTANOOGA_TN,-85.254923,35.023306
478,3315 HIXSON PIKE_CHATTANOOGA_TN,-85.275498,35.102042
479,3322 BOYDSTON RD_CHATTANOOGA_TN,-85.352426,35.053271
480,333 GATEWAY DR_RINGGOLD_GA,-85.151725,34.932878
481,334 MARKET ST_CHATTANOOGA_TN,-85.30944835,35.0525087
482,3354 CHARGER DR_CHATTANOOGA_TN,-85.3214,35.013718
483,3359 BLAKE DR SW_DALTON_GA,-85.0020871,34.6799756
484,3370 JENKINS RD_CHATTANOOGA_TN,-85.1274059,35.047094
485,34 LAKE AVE_LAKEVIEW_GA,-85.223998,34.982403
486,340 EVITT LN_RINGGOLD_GA,-85.141988,34.900861
487,340 FRAZIER AVENUE_CHATTANOOGA_TN,-85.30532,35.0617
488,3400 DODDS AVE_CHATTANOOGA_TN,-85.2735081,35.0156537
489,3401 CUMMINGS ROAD_CHATTANOOGA_TN,-85.382782,35.008983
490,3409 13TH AVE_CHATTANOOGA_TN,-85.279335,35.0008709
491,3415 BROAD ST_CHATTANOOGA_TN,-85.3245929,35.0159329
492,3417 AMNICOLA HWY_CHATTANOOGA_TN,-85.2625999,35.0841481
493,3420 CHATTANOOGA VALLEY RD_FLINTSTONE_GA,-85.3461018,34.934727249999995
494,3424 GLENDON DR_CHATTANOOGA_TN,-85.2508027,35.0203395
495,344 HIXSON ST_SODDY-DAISY_TN,-85.189243,35.234146
496,346 FRAZIER AVE_CHATTANOOGA_TN,-85.3051813,35.0619112
497,3500 DODDS AVE_CHATTANOOGA_TN,-85.28143825,35.00118
498,3500 PEERLESS RD NW_CLEVELAND_TN,-84.86891,35.1990329
499,3500 RINGGOLD RD_EAST RIDGE_TN,-85.261712,35.004677
500,351 LABELING WAY_CHATTANOOGA_TN,-85.386623,35.012926
501,3517 13TH AVE_CHATTANOOGA_TN,-85.279881,34.999856
502,352 NORTHGATE MALL_CHATTANOOGA_TN,-85.237365,35.1284358
503,3520 BRAINERD RD_CHATTANOOGA_TN,-85.248345,35.024035
504,3550 CUMMINGS HIGHWAY_CHATTANOOGA_TN,-85.3771,35.0162
505,3570 KEITH STREET NORTHWEST_CLEVELAND_TN,-84.859878,35.192443
506,3600 13TH AVE_CHATTANOOGA_TN,-85.27949,34.998699
507,3600 HIGHLAND TERRACE DR_CHATTANOOGA_TN,-85.2737143,35.1160468
508,3600 WILEY AVE_EAST RIDGE_TN,-85.248355,35.009144
509,3614 TENNESSEE AVENUE_CHATTANOOGA_TN,-85.324998,35.01356
510,3621 GLENDON DR_CHATTANOOGA_TN,-85.245873,35.0174779
511,3623 WELDON DR_CHATTANOOGA_TN,-85.255292,35.000534
512,3625 BATTLEFIELD PARKWAY_RINGGOLD_GA,-85.206085,34.937311
513,3701 RINGGOLD RD_EAST RIDGE_TN,-85.2580867,35.0009911
514,3708 DAYTON BOULEVARD_RED BANK_TN,-85.291159,35.115995
515,372 GEORGIA 95_ROCK SPRING_GA,-85.2383415,34.8179876
516,3725 JENKINS RD_CHATTANOOGA_TN,-85.127707,35.054994
517,3780 ST ELMO AVE_CHATTANOOGA_TN,-85.3281409,35.0113676
518,3800 AMNICOLA HIGHWAY_CHATTANOOGA_TN,-85.257268,35.090654
519,3800 DAYTON BOULEVARD_CHATTANOOGA_TN,-85.290236,35.117294
520,3801 TENNESSEE AVE_CHATTANOOGA_TN,-85.327663,35.011041
521,3804 SAINT ELMO AVE # 103_CHATTANOOGA_TN,-85.328198,35.011208
522,3805 BRAINERD RD_CHATTANOOGA_TN,-85.2424404,35.0224975
523,3821 BRAINERD RD_CHATTANOOGA_TN,-85.2414,35.022264
524,3831 OOLTEWAH RINGGOLD RD_OOLTEWAH_TN,-85.076625,35.042347
525,3886 HIXSON PIKE_CHATTANOOGA_TN,-85.2643377,35.1125801
526,3903 VOLUNTEER DR # 10_CHATTANOOGA_TN,-85.197929,35.070457
527,3903 VOLUNTEER DR_CHATTANOOGA_TN,-85.197929,35.070457
528,3918 TENNESSEE AVE_CHATTANOOGA_TN,-85.3278309,35.009985
529,3922 VOLUNTEER DR # 9_CHATTANOOGA_TN,-85.199034,35.072838
530,3938 BOYNTON DR_INDIAN SPRINGS_GA,-85.1853804,34.923053
531,3938 BOYNTON DR_RINGGOLD_GA,-85.185231,34.923687
532,3960 POPLAR SPRINGS ROAD_RINGGOLD_GA,-85.192725,34.895881
533,397 BAGGETT RD_RINGGOLD_GA,-85.162246,34.917758
534,399 MCCALLIE AVE_CHATTANOOGA_TN,-85.305689,35.048041
535,400 BIRMINGHAM HIGHWAY_CHATTANOOGA_TN,-85.391438,35.009074
536,400 E 11TH ST_CHATTANOOGA_TN,-85.30462,35.041822
537,400 GARDEN RD_CHATTANOOGA_TN,-85.3562345,35.017962
538,400 WALNUT ST_CHATTANOOGA_TN,-85.307541,35.0522851
539,4000 AMNICOLA HIGHWAY_CHATTANOOGA_TN,-85.252693,35.091945
540,4000 DAYTON BLVD_RED BANK_TN,-85.288025,35.12035
541,4001 N HAWTHORNE ST_CHATTANOOGA_TN,-85.2468109,35.0869145
542,4001 SAINT ELMO AVENUE_CHATTANOOGA_TN,-85.328647,35.008364
543,4005 CROMWELL RD_CHATTANOOGA_TN,-85.207926,35.06411
544,4005 POPLAR SPRINGS ROAD_RINGGOLD_GA,-85.193177,34.891892
545,401 CHESTNUT ST #230_CHATTANOOGA_TN,-85.3121479,35.051791
546,401 CHESTNUT ST_CHATTANOOGA_TN,-85.312148,35.051791
547,401 DODSON AVE_CHATTANOOGA_TN,-85.2670637,35.0390584
548,401 GATEWAY AVE_CHATTANOOGA_TN,-85.315266,35.051436
549,401 N HOLTZCLAW AVE_CHATTANOOGA_TN,-85.2798717,35.0438072
550,401 RIVER TERMINAL RD_CHATTANOOGA_TN,-85.275508,35.073258
551,401 ROLLING WAY_SIGNAL MOUNTAIN_TN,-85.3335649,35.1308629
552,401 W 6TH ST_CHATTANOOGA_TN,-85.3135509,35.0496004
553,4011 AUSTIN STREET_CHATTANOOGA_TN,-85.242344,35.01164
554,4019 INDUSTRY DR_CHATTANOOGA_TN,-85.203387,35.071609
555,402 RIVERSIDE AVE_CHATTANOOGA_TN,-85.330068,35.058425
556,4029 GEORGETOWN RD NW_CLEVELAND_TN,-84.8825015,35.2135286
557,4030 S ACCESS RD_CHATTANOOGA_TN,-85.213348,35.081583
558,406 SCRUGGS RD_CHATTANOOGA_TN,-85.1916905,34.9870579
559,4080 JENKINS RD_CHATTANOOGA_TN,-85.125739975,35.05732
560,409 SIGNAL MOUNTAIN RD_CHATTANOOGA_TN,-85.330981,35.089875
561,409 SOUTH GERMANTOWN ROAD_CHATTANOOGA_TN,-85.251202,35.016206
562,409 SPRING ST_CHATTANOOGA_TN,-85.313777,35.068124
563,4098 MANOR RD_CHATTANOOGA_TN,-85.2360562,35.0182443
564,410 OLD MILL RD_CARTERSVILLE_GA,-84.822653,34.149303
565,4101 JEROME AVE_CHATTANOOGA_TN,-85.30096966666667,34.99693556666667
566,4103 WATSON RD_CHATTANOOGA_TN,-85.2612388,35.1173535
567,411 E 11TH ST_CHATTANOOGA_TN,-85.3049421,35.0422834
568,4113 DAYTON BLVD_CHATTANOOGA_TN,-85.287383,35.124104
569,4117 RINGGOLD RD_CHATTANOOGA_TN,-85.246667,34.997994
570,4120 JERSEY PIKE_CHATTANOOGA_TN,-85.1956,35.059497
571,4126 S CREEK RD_CHATTANOOGA_TN,-85.241736,35.0937558
572,413 SPRING ST_CHATTANOOGA_TN,-85.3146809,35.068058
573,4131 RINGGOLD RD_CHATTANOOGA_TN,-85.24532,34.998208
574,415 CAMERON CIR_CHATTANOOGA_TN,-85.3171847,35.0510392
575,4154 RINGGOLD ROAD_EAST RIDGE_TN,-85.244022,34.997034
576,416 CROSS STREET_ROSSVILLE_GA,-85.256253,34.974888
577,419 MCCALLIE AVE_CHATTANOOGA_TN,-85.30468,35.047574
578,42 DURANCE DR_CHATTANOOGA VALLEY_GA,-85.342494,34.897666
579,4201 STRATTON LN_OOLTEWAH_TN,-85.066666,35.0547935
580,4202 N ACCESS RD_CHATTANOOGA_TN,-85.2544209,35.112718
581,4226 NORCROSS ROAD_HIXSON_TN,-85.257741,35.120601
582,425 GREYSTONE DR_RINGGOLD_GA,-85.062443,34.972643
583,4251 3 NOTCH RD_INDIAN SPRINGS_GA,-85.183308,34.895971
584,428 ROLLINS INDUSTRIAL BLVD_RINGGOLD_GA,-85.123256,34.892686
585,429 BROAD ST_CHATTANOOGA_TN,-85.311273,35.0513369
586,4295 CROMWELL RD # 308_CHATTANOOGA_TN,-85.196812,35.065133
587,4295 CROMWELL RD # 309_CHATTANOOGA_TN,-85.196812,35.065133
588,4295 CROMWELL RD_CHATTANOOGA_TN,-85.196812,35.065133
589,4295 CROMWELL ROAD #409_CHATTANOOGA_TN,-85.196812,35.065133
590,4300 FOUNDERS WAY_CHATTANOOGA_TN,-85.186122,35.072535
591,4301 AMNICOLA HWY_CHATTANOOGA_TN,-85.245302,35.095948
592,4304 DODDS AVE_CHATTANOOGA_TN,-85.285483,34.992275
593,431 S GREEN ST_DALTON_GA,-84.9632885,34.7664272
594,431 SOUTH GREEN ST_DALTON_GA,-84.963288,34.766427
595,4310 DISTRIBUTION DR_CHATTANOOGA_TN,-85.17711,35.07123
596,4315 BRAINERD RD_CHATTANOOGA_TN,-85.23442266666666,35.01635099999999
597,4317 CLOUD SPRINGS RD_RINGGOLD_GA,-85.193359,34.966494
598,432 ARABIAN DR_RINGGOLD_GA,-85.116877,34.9168161
599,4320 BENNETT RD_CHATTANOOGA_TN,-85.244678,34.987019
600,4320 BENNETT RD_EAST RIDGE_TN,-85.244678,34.987019
601,4325 AMNICOLA HIGHWAY_CHATTANOOGA_TN,-85.243679,35.099904
602,4325 JERSEY PIKE # B_CHATTANOOGA_TN,-85.191453,35.071543
603,435 WHITENER DRIVE_DALTON_GA,-84.939409,34.765223
604,436 MARKET STREET_CHATTANOOGA_TN,-85.309224,35.051078
605,438 DEPOT ST_RINGGOLD_GA,-85.1041979,34.9097045
606,440 DEPOT ST_SODDY-DAISY_TN,-85.173338,35.287107
607,4400 HWY 58_CHATTANOOGA_TN,-85.1997285,35.0845892
608,4400 MOUNTAIN CREEK RD_CHATTANOOGA_TN,-85.297763,35.13693
609,4400 ST ELMO AVE_CHATTANOOGA_TN,-85.328751,35.001517
610,441 CLUB RD_HELENA_GA,-82.907123,32.1574351
611,441 EAGLE CLIFF DR_FLINTSTONE_GA,-85.359042,34.921695
612,4411 OAKWOOD DR_CHATTANOOGA_TN,-85.1854463,35.0890728
613,4411 TENNESSEE AVE_CHATTANOOGA_TN,-85.328037,35.000917
614,4414 WELLESLEY DR_OOLTEWAH_TN,-85.078449,35.053626
615,4420 OAKWOOD DRIVE_CHATTANOOGA_TN,-85.184164,35.088023
616,4435 SHACKLEFORD RIDGE ROAD_SIGNAL MOUNTAIN_TN,-85.359059,35.155944
617,444 MEADOWDEW LN_LAKEVIEW_GA,-85.237222,34.9785309
618,4500 N ACCESS RD_CHATTANOOGA_TN,-85.2494292,35.1113368
619,4500 PINNACLE LN_CHATTANOOGA_TN,-85.236442,35.108101
620,4500 ST ELMO AVE_CHATTANOOGA_TN,-85.3288718,34.999835250000004
621,4501 AMNICOLA HWY_CHATTANOOGA_TN,-85.2385931857143,35.097279635714294
622,4501 N ACCESS RD_CHATTANOOGA_TN,-85.2346101,35.1065653
623,4501 VIRGINIA AV_CHATTANOOGA_TN,-85.328456,35.0002392
624,4509 ROSSVILLE BOULEVARD_CHATTANOOGA_TN,-85.290504,34.990782
625,4515 HIXSON PIKE_HIXSON_TN,-85.250549,35.120413
626,4518 TENNESSEE 58_CHATTANOOGA_TN,-85.2366237,35.0962305
627,453 CUMBERLAND ST_CHATTANOOGA_TN,-85.280895,35.045819
628,4570 FRONTAGE RD_CLEVELAND_TN,-84.8638165,35.2220734
629,4600 TENNESSEE 58_CHATTANOOGA_TN,-85.194513,35.085257
630,4601 NORTH TER_CHATTANOOGA_TN,-85.235511,35.008353
631,4603 AMNICOLA HWY_CHATTANOOGA_TN,-85.2350898,35.0957354
632,4626 BONNIE WAY DRIVE_CHATTANOOGA_TN,-85.214336,35.042179
633,463 SAM RIDLEY PKWY W_SMYRNA_TN,-86.5362583,35.9936079
634,4650 REDLANDS DR_CHATTANOOGA_TN,-85.196483,35.075226
635,4659 SHALLOWFORD_CHATTANOOGA_TN,-85.213925,35.049447
636,4712 WILSON AVE_SIGNAL MOUNTAIN_TN,-85.302024,35.172315
637,4719 ROCKY RIVER RD_CHATTANOOGA_TN,-85.191066,35.081999
638,472 MARTIN LUTHER KING BLVD_CHATTANOOGA_TN,-85.3177352,35.047858
639,4735 TENNESSEE 58_CHATTANOOGA_TN,-85.190735,35.087536
640,4758 HWY 58_CHATTANOOGA_TN,-85.1883159,35.0884267
641,4786 TENNESSEE 58_CHATTANOOGA_TN,-85.186368,35.089194
642,480 WORKMAN RD_CHATTANOOGA_TN,-85.306937,34.995389
643,4805 JOHNSON RD_BIRCHWOOD_TN,-85.024721,35.361709
644,4809 HIXSON PIKE_HIXSON_TN,-85.248272,35.126114
645,4810 ROSSVILLE BLVD_CHATTANOOGA_TN,-85.287646,34.987312
646,4820 UNIVERSITY DRIVE_COLLEGEDALE_TN,-85.052118,35.045071
647,4843 HIXSON PIKE_CHATTANOOGA_TN,-85.24842,35.128091
648,4845 HIXSON PIKE # A_HIXSON_TN,-85.246652,35.128096
649,4850 HIGHWAY 58 # 190_CHATTANOOGA_TN,-85.181794,35.09149
650,4850 HIXSON PIKE_CHATTANOOGA_TN,-85.2465,35.12842
651,4850 JERSEY PIKE_CHATTANOOGA_TN,-85.178422,35.090843
652,4881 TAYLOR CIRCLE_COLLEGEDALE_TN,-85.04932550000001,35.04813615
653,490 GREENWAY VIEW DR_CHATTANOOGA_TN,-85.205326,35.008628
654,4922 JEFFERY LN_CHATTANOOGA_TN,-85.3062278,34.9912282
655,4935 HIGHWAY 58_CHATTANOOGA_TN,-85.1789378,35.0942678
656,4949 SWISS AVE_DALLAS_TX,-96.769923,32.802955
657,4978 GOLD WING WAY_CHATTANOOGA_TN,-85.1838073,35.0942668
658,499 COLLINS ST_CHATTANOOGA_TN,-85.2957043,35.0477213
659,499 MARTIN LUTHER KING BLVD_CHATTANOOGA_TN,-85.3180387,35.0481664
660,50 BISCUIT WAY_RINGGOLD_GA,-85.128666,34.911569
661,500 DODDS AVENUE_CHATTANOOGA_TN,-85.2655764,35.0287771
662,500 GLENWOOD DR_CHATTANOOGA_TN,-85.26062,35.0391916
663,500 WALNUT ST_CHATTANOOGA_TN,-85.30697399999998,35.05035900000001
664,500 WATER ST_JACKSONVILLE_FL,-81.664231,30.325138
665,5001 HIXSON PIKE_CHATTANOOGA_TN,-85.244151,35.133294
666,5001 HIXSON PIKE_HIXSON_TN,-85.2431717,35.1326194
667,501 SIGNAL MOUNTAIN RD_CHATTANOOGA_TN,-85.3316,35.0944
668,5010 ALPHA LANE_CHATTANOOGA_TN,-85.237652,35.134106
669,5010 ALPHA LANE_HIXSON_TN,-85.237652,35.134106
670,5010 UNIVERSITY DR_COLLEGEDALE_TN,-85.0500708,35.0470684
671,5011 SILVER LN_COLLEGEDALE_TN,-85.0266989,35.0407439
672,502 FLEETWOOD DR_LOOKOUT MOUNTAIN_TN,-85.349474,34.988247
673,5022 OLD GODSEY LN_HIXSON_TN,-85.236338,35.125889
674,503 SMOKETREE CIR_RINGGOLD_GA,-85.1638,34.900885
675,5031 HIXSON PIKE_CHATTANOOGA_TN,-85.240834,35.134886
676,5034 HUNTER VILLAGE DR_OOLTEWAH_TN,-85.093446,35.0802539
677,5035 HIXSON PIKE_HIXSON_TN,-85.241145,35.134626
678,505 S MOORE RD_EAST RIDGE_TN,-85.2323704,35.0053052
679,506 EAST 8TH STREET_CHATTANOOGA_TN,-85.303139,35.045114
680,5063 ALABAMA HWY_RINGGOLD_GA,-85.121908,34.916728
681,508 E MORRIS ST_DALTON_GA,-84.9615845,34.7686503
682,5080 OOLTEWAH RINGGOLD RD_OOLTEWAH_TN,-85.066409,35.061487
683,510 HAMILTON AVE_CHATTANOOGA_TN,-85.3083804,35.0671736
684,512 NATIONAL AVENUE_CHATTANOOGA_TN,-85.285946,35.037735
685,5121 OOLTEWAH RINGGOLD RD_OOLTEWAH_TN,-85.065816,35.064968
686,516 CHEROKEE BLVD_CHATTANOOGA_TN,-85.3158621,35.0675524
687,5188 TENNESSEE 153_CHATTANOOGA_TN,-85.239482,35.123117
688,519 E 4TH ST_CHATTANOOGA_TN,-85.3039158,35.0522438
689,5200 HWY 153_CHATTANOOGA_TN,-85.2394815,35.1231168
690,5200 WILSON ROAD_CHATTANOOGA_TN,-85.309032,34.98821
691,5201 DAYTON BLVD_CHATTANOOGA_TN,-85.276065,35.14624
692,5208 HIXSON PIKE_CHATTANOOGA_TN,-85.2363894,35.1375837
693,5208 HIXSON PIKE_HIXSON_TN,-85.2363894,35.1375837
694,5209 HWY 193_FLINTSTONE_GA,-85.3520985,34.9178908
695,521 INDUSTRIAL PARK RD_DUNLAP_TN,-85.380928,35.391073
696,522 HIGHWAY 64_OCOEE_TN,-84.707123,35.120958
697,523 ROBERTS MILL RD_WALDEN_TN,-85.2546809,35.2011805
698,5251 HWY 153_HIXSON_TN,-85.242474,35.126874
699,526 BATTLEFIELD PKWY_FORT OGLETHORPE_GA,-85.2558347,34.9547632
700,5298 COUNTY HIGHWAY 2205_OOLTEWAH_TN,-85.0761392,35.0839611
701,530 SHADOW PKWY_CHATTANOOGA_TN,-85.102734,35.011365
702,5302 JACKSON ST_CHATTANOOGA_TN,-85.2724282,35.1459274
703,5335 GEORGETOWN RD_CLEVELAND_TN,-84.9176971,35.2637808
704,5337 RINGGOLD RD_CHATTANOOGA_TN,-85.232102,34.994876
705,5348 TENNESSEE 153_CHATTANOOGA_TN,-85.24525,35.134198
706,535 CHESTNUT ST_CHATTANOOGA_TN,-85.31184553333334,35.05016856666667
707,537 BROAD ST_CHATTANOOGA_TN,-85.310725,35.0497224
708,537 MARKET ST_CHATTANOOGA_TN,-85.3100539,35.049944
709,540 MCCALLIE AVE_CHATTANOOGA_TN,-85.303645,35.046168
710,540 PARK CITY ROAD_ROSSVILLE_GA,-85.267321,34.951414
711,5400 CASSANDRA SMITH RD_CHATTANOOGA_TN,-85.205635,35.138275
712,5402 ANSLEY DR_CHATTANOOGA_TN,-85.326497,34.989299
713,5414 HIXSON PIKE_CHATTANOOGA_TN,-85.230076,35.14124
714,5440 HWY 153_CHATTANOOGA_TN,-85.2477266,35.1382913
715,550 1ST ST NW_CLEVELAND_TN,-84.8833246,35.1626793
716,5501 BRAINERD RD_CHATTANOOGA_TN,-85.220345,35.010393
717,5502 MOUNTAIN BREEZE DR_CHATTANOOGA_TN,-85.109938,35.015724
718,5511 BONNY OAKS DR_CHATTANOOGA_TN,-85.182754,35.0739187
719,5531 HWY 41_RINGGOLD_GA,-85.137088,34.934434
720,5536 HUNTER RD_OOLTEWAH_TN,-85.079544,35.105431
721,5572 LITTLE DEBBIE PKWY_OOLTEWAH_TN,-85.066051,35.081805
722,5600 BRAINERD RD # 3_CHATTANOOGA_TN,-85.215383,35.009803
723,5600 BRAINERD RD # C2_CHATTANOOGA_TN,-85.215383,35.009803
724,5600 BRAINERD RD C326_CHATTANOOGA_TN,-85.215383,35.009803
725,5600 BRAINERD RD_CHATTANOOGA_TN,-85.215383,35.009803
726,5605 BRIANERD RD_CHATTANOOGA_TN,-85.2202,35.009904
727,5612 HIXSON PIKE_CHATTANOOGA_TN,-85.2201219,35.1470898
728,5627 MAIN ST_OOLTEWAH_TN,-85.0621728,35.075074
729,5636 BATTLEFIELD PKWY_INDIAN SPRINGS_GA,-85.172312,34.929539
730,5637 HWY 58_CHATTANOOGA_TN,-85.2745358,35.0597216
731,5704 MARLIN RD_CHATTANOOGA_TN,-85.210783,35.007683
732,5705 MARLIN RD # 1400_CHATTANOOGA_TN,-85.211294,35.008417
733,5705 MARLIN RD_CHATTANOOGA_TN,-85.211294,35.008417
734,5705 MIDDLE VALLEY ROAD_HIXSON_TN,-85.222457,35.154515
735,571 CASTLEVIEW DR_INDIAN SPRINGS_GA,-85.149796,34.965599
736,5712 RINGGOLD RD_EAST RIDGE_TN,-85.2242009,34.990021
737,5715 CORNELISON RD # 6600_CHATTANOOGA_TN,-85.208837,35.006846
738,5719 RIVER GLADE DR_CHATTANOOGA_TN,-85.1838073,35.0942668
739,5722 MAIN ST_OOLTEWAH_TN,-85.059527,35.078337
740,5731 MAIN ST_OOLTEWAH_TN,-85.0598504,35.0784527
741,5736 BRAINERD RD_CHATTANOOGA_TN,-85.212642,35.012444
742,5746 MARLIN RD # 602_CHATTANOOGA_TN,-85.207955,35.009095
743,5751 UPTAIN RD_CHATTANOOGA_TN,-85.2095819,35.0104992
744,5764 TENNESSEE 153_CHATTANOOGA_TN,-85.246697,35.15374
745,58 HOG JOWL RD_COOPER HEIGHTS_GA,-85.3684166,34.7549232
746,5800 GRUBB RD_CHATTANOOGA_TN,-85.242576,35.154482
747,5800 GRUBB RD_HIXSON_TN,-85.242576,35.154482
748,584 S CREST RD_CHATTANOOGA_TN,-85.273921,34.994419
749,5870 HWY 153_HIXSON_TN,-85.247426,35.162091
750,5921 PINEHURST ST_CHATTANOOGA_TN,-85.2013375,35.0293912
751,5926 BRAINERD RD_CHATTANOOGA_TN,-85.2085223,35.0160049
752,5928 HIXSON PIKE # 112_HIXSON_TN,-85.2061,35.14883
753,5934 SAWYER RD_SIGNAL MOUNTAIN_TN,-85.308695,35.184068
754,5940 TENNESSEE 58_HARRISON_TN,-85.127557,35.114794
755,5953 BRAINERD RD_CHATTANOOGA_TN,-85.207884,35.016928
756,5959 SHALLOWFORD RD # 519_CHATTANOOGA_TN,-85.193396,35.05641
757,5959 SHALLOWFORD RD_CHATTANOOGA_TN,-85.193396,35.05641
758,597 CLAIRE ST_ROSSVILLE_GA,-85.263209,34.983762
759,600 MARKET ST_CHATTANOOGA_TN,-85.308984,35.049149
760,600 RIVER TERMINAL RD_CHATTANOOGA_TN,-85.2729899,35.070201
761,601 INDUSTRIAL BLVD_SALE CREEK_TN,-85.130708,35.350135
762,601 MARKET STREET_CHATTANOOGA_TN,-85.31003,35.049335
763,601 WALNUT ST_CHATTANOOGA_TN,-85.3074838,35.0497083
764,6011 CENTURY OAKS DR_CHATTANOOGA_TN,-85.184758,35.079189
765,6016 SHALLOWFORD RD # 400_CHATTANOOGA_TN,-85.188104,35.050103
766,6017 OOLTEWAH GEORGETOWN RD_CHATTANOOGA_TN,-85.0576858,35.0844079
767,6020 SHALLOWFORD RD_CHATTANOOGA_TN,-85.188559,35.051377
768,6025 LEE HWY_CHATTANOOGA_TN,-85.190701,35.027932
769,605 GLENWOOD DR # 404_CHATTANOOGA_TN,-85.25949,35.039773
770,6050 SHALLOWFORD RD_CHATTANOOGA_TN,-85.1862079,35.052043
771,6060 SHALLOWFORD RD_CHATTANOOGA_TN,-85.1868597,35.0537678
772,607 5TH AVE_DALTON_GA,-84.9536887,34.7656125
773,61 LYTLE RD_CHICKAMAUGA_GA,-85.2736893,34.9130333
774,610 NORTH VIEW ST_LAFAYETTE_GA,-85.2780454,34.7158609
775,6100 TENNESSEE 58_HARRISON_TN,-85.12324,35.117621
776,6101 ENTERPRISE PARK DR_CHATTANOOGA_TN,-85.189969,35.072992
777,6101 MOUNTAIN VIEW RD_OOLTEWAH_TN,-85.063297,35.091246
778,6104 PRESERVATION DR_CHATTANOOGA_TN,-85.187677,35.074495
779,611 MCCALLIE AVE_CHATTANOOGA_TN,-85.3004031,35.0455393
780,6116 SHALLOWFORD ROAD_CHATTANOOGA_TN,-85.182875,35.051294
781,6120 TENNESSEE 58_HARRISON_TN,-85.124135,35.119879
782,6125 PRESERVATION DR # 140_CHATTANOOGA_TN,-85.186241,35.076078
783,6125 PRESERVATION DR_CHATTANOOGA_TN,-85.186241,35.076078
784,6131 PRESERVATION DR_CHATTANOOGA_TN,-85.1859072,35.0749483
785,6131 RELOCATION WAY_OOLTEWAH_TN,-85.057494,35.092021
786,6133 BAYSHORE DR_HARRISON_TN,-85.136911,35.123848
787,6138 PRESERVATION DR_CHATTANOOGA_TN,-85.184366,35.0744169
788,614 MAIN ST_DALTON_GA,-84.979988,34.786068
789,6148 LEE HIGHWAY_CHATTANOOGA_TN,-85.188483,35.028051
790,6148 LEE HWY # 116_CHATTANOOGA_TN,-85.188333,35.026979
791,615 DERBY ST_CHATTANOOGA_TN,-85.26283095714287,35.041556
792,615 MCCALLIE AVE # 1151_CHATTANOOGA_TN,-85.29945,35.045677
793,615 MCCALLIE AVE_CHATTANOOGA_TN,-85.29945,35.045677000000005
794,616 EAST WALNUT AVE_DALTON_GA,-84.957417,34.761602
795,616 W WALNUT AVE_DALTON_GA,-84.9742606,34.761476
796,6188 ADAMSON CIR_CHATTANOOGA_TN,-85.182732,35.073407
797,6206 BONNY OAKS DRIVE_CHATTANOOGA_TN,-85.180172,35.073712
798,6210 HIXSON PIKE_HIXSON_TN,-85.199791,35.152089
799,6225 TENNESSEE 58_HARRISON_TN,-85.125565,35.122538
800,6229 VANCE RD_CHATTANOOGA_TN,-85.186,35.03145
801,6231 PERIMETER DR_CHATTANOOGA_TN,-85.183476,35.029764
802,6236 LEE HWY_CHATTANOOGA_TN,-85.184106,35.03063
803,6240 PERIMETER DRIVE_CHATTANOOGA_TN,-85.182023,35.0278
804,6241 PERIMETER DR_CHATTANOOGA_TN,-85.181797,35.029553
805,6246 RINGGOLD RD_CHATTANOOGA_TN,-85.212485,34.989739
806,625 MARLBORO AVE_CHATTANOOGA_TN,-85.240512,35.004562
807,629 MARKET ST_CHATTANOOGA_TN,-85.3096,35.048689
808,630 MISSISSIPPI AVENUE_SIGNAL MOUNTAIN_TN,-85.348849,35.121739
809,6310 BONNY OAKS DR_CHATTANOOGA_TN,-85.174233,35.0740864
810,6311 DAYTON BLVD_HIXSON_TN,-85.2509657,35.1766445
811,6312 DAYTON BLVD_HIXSON_TN,-85.251074,35.177036
812,633 CHESTNUT ST_CHATTANOOGA_TN,-85.312117,35.048525
813,6349 SEA HAVEN DR_MIDDLE VALLEY_TN,-85.178717,35.145787
814,639 MARKET ST_CHATTANOOGA_TN,-85.3095504,35.0486502
815,640 MORRISON SPRINGS RD_CHATTANOOGA_TN,-85.30625193333333,35.122992
816,6447 SLYGO RD_MORGANVILLE_GA,-85.439966,34.970744
817,6459 SOLITUDE DR_HARRISON_TN,-85.166706,35.125645
818,65 STUART RD_FORT OGLETHORPE_GA,-85.239138,34.949387
819,650 COLLEGE DR_DALTON_GA,-85.003111,34.77275426666666
820,650 MCCALLIE AVE_CHATTANOOGA_TN,-85.299909,35.044776
821,650 OAKLAND ROAD_SWEETWATER_TN,-84.497056,35.624862
822,651 E 4TH ST # 402_CHATTANOOGA_TN,-85.302038,35.051908
823,651 E 4TH ST #200_CHATTANOOGA_TN,-85.302038,35.051908
824,651 E 5TH ST_CHATTANOOGA_TN,-85.3025623,35.050353
825,6511 MIDDLE VALLEY RD_MIDDLE VALLEY_TN,-85.2133039,35.1637259
826,6514 RINGGOLD ROAD_CHATTANOOGA_TN,-85.20724,34.989056
827,6576 EAST BRAINERD ROAD_CHATTANOOGA_TN,-85.189665,35.018772
828,658 INDUSTRIAL BLVD_SALE CREEK_TN,-85.135236,35.346521
829,66 MAIN STREET_RINGGOLD_GA,-85.173169,34.928844
830,66 WESTBROOK RD_RINGGOLD_GA,-85.179942,34.844364
831,6611 E BRAINERD RD_CHATTANOOGA_TN,-85.18610095,35.0189715
832,6623 LEE HIGHWAY_CHATTANOOGA_TN,-85.17645,35.039471
833,6707 HIXSON PIKE_HIXSON_TN,-85.191358,35.163843
834,6711 MOUNTAIN VIEW RD_OOLTEWAH_TN,-85.052923,35.10527
835,6712 CUSTOMER DELIGHT DR_CHATTANOOGA_TN,-85.180477,35.032294
836,6721 HICKORY BROOK RD_CHATTANOOGA_TN,-85.165356,35.052655
837,6727 HERITAGE BUSINESS CT_CHATTANOOGA_TN,-85.1742732,35.0359972
838,6728 RINGGOLD RD_EAST RIDGE_TN,-85.19747,34.987602
839,6730 CUSTOMER DELIGHT DR_CHATTANOOGA_TN,-85.179614,35.031495
840,6735 STANDIFIER GAP RD_CHATTANOOGA_TN,-85.164256,35.057639
841,6800 RINGGOLD RD_EAST RIDGE_TN,-85.191379,34.987872
842,6805 STANDIFER GAP RD_CHATTANOOGA_TN,-85.1591535,35.056431450000005
843,6810 TEAL LANE_OOLTEWAH_TN,-85.091887,35.114411
844,6810 TEAL LN_HARRISON_TN,-85.091887,35.1144109
845,6815 SHALLOWFORD RD_CHATTANOOGA_TN,-85.164985,35.046558
846,6823 DEERWOOD DR_HARRISON_TN,-85.125195,35.114224
847,6836 TYNER RD_CHATTANOOGA_TN,-85.15565509999999,35.062264133333336
848,6868 WATTS BAR HWY_SPRING CITY_TN,-84.789624175,35.602207125
849,6925 SHALLOWFORD RD # 300_CHATTANOOGA_TN,-85.160356,35.045089
850,694 MANUFACTURERS RD_CHATTANOOGA_TN,-85.319749,35.060985
851,699 PINE ST_CHATTANOOGA_TN,-85.3126414,35.0483107
852,700 MANUFACTURERS RD_CHATTANOOGA_TN,-85.320877,35.059871
853,700 RIVER TERMINAL RD_CHATTANOOGA_TN,-85.271344,35.0703559
854,700 VINE STREET_CHATTANOOGA_TN,-85.298756,35.047737
855,700 WOODVALE AVE_CHATTANOOGA_TN,-85.22545,35.021908
856,7001 SHALLOWFORD RD_CHATTANOOGA_TN,-85.159615,35.044716
857,701 BROWNS FERRY RD_CHATTANOOGA_TN,-85.35673,35.044528
858,701 CHEROKEE BLVD_CHATTANOOGA_TN,-85.318132,35.070202
859,701 HOOKER RD_CHATTANOOGA_TN,-85.304614,34.99359
860,701 MARKET ST_CHATTANOOGA_TN,-85.3095208,35.0483701
861,7016 HOMESTEAD CIR_MIDDLE VALLEY_TN,-85.205743,35.177061
862,7017 SHALLOWFORD RD_CHATTANOOGA_TN,-85.157514,35.043234
863,702 FRANKLIN ST_CHATTANOOGA_TN,-85.30607,35.069891
864,702 MOCCASIN BEND RD_CHATTANOOGA_TN,-85.331199,35.055214
865,702 SIGNAL MOUNTAIN BLVD_SIGNAL MOUNTAIN_TN,-85.349547,35.122265
866,7030 LEE HIGHWAY_CHATTANOOGA_TN,-85.159679,35.046098
867,7036 SPORTSMAN DR_HARRISON_TN,-85.113033,35.1260679
868,7045 ELY FORD PLACE_MIDDLE VALLEY_TN,-85.183379,35.171196
869,705 E 4TH ST_CHATTANOOGA_TN,-85.30117,35.051583
870,7053 TAILWINDS DR_LAKESITE_TN,-85.103743,35.169574
871,707 GRAND MOUNTAIN DR_CHATTANOOGA_TN,-85.122914,35.068988
872,707 OLD DALTON ELLIJAY RD_CHATSWORTH_GA,-84.7865582,34.7776806
873,7108 ENTERPRISE S BLVD_CHATTANOOGA_TN,-85.1450571,35.069841
874,711 EASTGATE LOOP_CHATTANOOGA_TN,-85.210296,35.006884
875,7110 EAST BRAINERD RD_CHATTANOOGA_TN,-85.171519,35.017802
876,7111 LEE HWY_CHATTANOOGA_TN,-85.1577127,35.0478474
877,712 PARKVIEW DR_CHATTANOOGA_TN,-85.226017,35.02317
878,7127 LEE HWY_CHATTANOOGA_TN,-85.157057,35.049371
879,713 CHERRY ST_CHATTANOOGA_TN,-85.3085385,35.0480261
880,715 MARKET STREET_CHATTANOOGA_TN,-85.309986,35.047905
881,715 MARKET ST_CHATTANOOGA_TN,-85.309986,35.047905
882,716 E 48TH ST_CHATTANOOGA_TN,-85.3071884,34.993165
883,716 INDUSTRIAL BOULEVARD_RINGGOLD_GA,-85.118937,34.9035
884,72 STEAM PLANT ACCESS RD_STEVENSON_AL,-85.7864097,34.9050184
885,720 SMYRNA RD_EVENSVILLE_TN,-84.930656,35.576686
886,7200 SHALLOWFORD RD # 106_CHATTANOOGA_TN,-85.154805,35.041648
887,7205 AVENTINE WAY_CHATTANOOGA_TN,-85.168161,35.016219
888,721 EASTGATE LOOP ROAD_CHATTANOOGA_TN,-85.215307,35.006348
889,7213 NOAH REID RD_CHATTANOOGA_TN,-85.180251,35.053895
890,7230 LEE HIGHWAY_CHATTANOOGA_TN,-85.150196,35.051109
891,7236 BONNY OAKS DR_CHATTANOOGA_TN,-85.1402664,35.0600367
892,7239 BONNY OAKS DR_CHATTANOOGA_TN,-85.1395788,35.0630215
893,724 HOGAN RD_ROSSVILLE_GA,-85.288141,34.957678
894,7268 JARNIGAN RD_CHATTANOOGA_TN,-85.159862,35.029214
895,727 EAST 11TH STREET_CHATTANOOGA_TN,-85.300153,35.040675
896,730 JONES RD_CHATTANOOGA_TN,-85.144586,34.843405
897,7314 SHALLOWFORD RD_CHATTANOOGA_TN,-85.152473,35.040829
898,7324 NOAH REID ROAD_CHATTANOOGA_TN,-85.175328,35.061407
899,7331 ROYAL HARBOUR CIR_HARRISON_TN,-85.078234,35.140862
900,7334 LEE HIGHWAY_CHATTANOOGA_TN,-85.147474,35.053478
901,7335 HIXSON PIKE_HIXSON_TN,-85.177352,35.171064
902,7339 LEE HIGHWAY_CHATTANOOGA_TN,-85.147989,35.054047
903,7351 ENTERPRISE SOUTH BLVD_CHATTANOOGA_TN,-85.147425,35.069274
904,736 INTERMONT RD_CHATTANOOGA_TN,-85.276035,35.107738
905,736 MARKET ST # 700_CHATTANOOGA_TN,-85.308894,35.047319
906,736 MARKET STREET_CHATTANOOGA_TN,-85.309482,35.047853
907,740 E 12TH ST_CHATTANOOGA_TN,-85.301135,35.038859
908,7405 SHALLOWFORD RD_CHATTANOOGA_TN,-85.1500312,35.0403602
909,7420 EAST BRAINERD ROAD_CHATTANOOGA_TN,-85.163158,35.014434
910,7421 COMMONS BLVD_CHATTANOOGA_TN,-85.1491922,35.0359933
911,7442 COMMONS BLVD_CHATTANOOGA_TN,-85.148017,35.033777
912,7453 EAST BRAINERD ROAD_CHATTANOOGA_TN,-85.161342,35.014519
913,7469 ENTERPRISE SOUTH BLVD_CHATTANOOGA_TN,-85.147425,35.069274
914,7490 ZIEGLER RD_CHATTANOOGA_TN,-85.159047,35.019189
915,75 5TH ST NW_ATLANTA_GA,-84.389484,33.777328
916,7501 STANDIFER GAP RD_CHATTANOOGA_TN,-85.139237,35.053122
917,7510 S DENT RD_HIXSON_TN,-85.204485,35.1903549
918,7540 E BRAINERD RD # 102_CHATTANOOGA_TN,-85.160637,35.01276
919,7550 E BRAINERD RD # 101_CHATTANOOGA_TN,-85.159841,35.01313
920,7555 GOODWIN RD_CHATTANOOGA_TN,-85.1482149,35.030384
921,7620 SHALLOWFORD RD_CHATTANOOGA_TN,-85.1407,35.0368
922,7625 STANDIFER GAP RD_CHATTANOOGA_TN,-85.136765,35.051406
923,7633 E BRAINERD RD_CHATTANOOGA_TN,-85.15684,35.011704
924,7714 TIPPI LN_OOLTEWAH_TN,-85.068136,35.140503
925,7720 LEE HWY_OOLTEWAH_TN,-85.130645,35.061693
926,7737 E BRAINERD RD_CHATTANOOGA_TN,-85.15562,35.011421
927,7745 EAST BRAINERD ROAD_CHATTANOOGA_TN,-85.153635,35.012077
928,776 MOUNTAIN CREEK RD NW_CHATTANOOGA_TN,-85.327246,35.099617
929,7796 EAST BRAINERD ROAD_CHATTANOOGA_TN,-85.154567,35.0099
930,7815 SHALLOWFORD ROAD_CHATTANOOGA_TN,-85.13484,35.036443
931,7901 MIDDLE VALLEY RD_MIDDLE VALLEY_TN,-85.184123,35.196459
932,7907 SUE DR_OOLTEWAH_TN,-85.111194,35.062443
933,800 BELVOIR AVENUE_CHATTANOOGA_TN,-85.244247,35.003311
934,800 BROAD ST_CHATTANOOGA_TN,-85.3104421,35.0470432
935,800 LAFAYETTE ST_RINGGOLD_GA,-85.130152,34.892072
936,800 MANUFACTURERS RD_CHATTANOOGA_TN,-85.326258,35.057279
937,800 SIGNAL MOUNTAIN BLVD_SIGNAL MOUNTAIN_TN,-85.346389,35.12222
938,800 WALKER AVE_ROSSVILLE_GA,-85.300092,34.974581
939,8001 VOLKSWAGEN DR_VICTORIA_TN,-85.4982619,35.0697532
940,801 BROAD ST # 100_CHATTANOOGA_TN,-85.311133,35.046874
941,801 BROAD ST # 600_CHATTANOOGA_TN,-85.311133,35.046874
942,801 BROAD ST_CHATTANOOGA_TN,-85.3109786,35.04691425
943,801 MCCALLIE AVE_CHATTANOOGA_TN,-85.2953916,35.0437037
944,801 MCFARLAND AVENUE_ROSSVILLE_GA,-85.290384,34.978131
945,801 N HOLTZCLAW AVE_CHATTANOOGA_TN,-85.277329,35.049779
946,801 NORTH HOLTZCLAW AVENUE_CHATTANOOGA_TN,-85.277329,35.049779
947,801 PINE ST_CHATTANOOGA_TN,-85.313087,35.047222
948,802 SIGNAL MOUNTAIN BLVD_SIGNAL MOUNTAIN_TN,-85.344585,35.122046
949,803 BATTLEFIELD PKWY_FORT OGLETHORPE_GA,-85.2459536,34.9527954
950,803 CHICKAMAUGA AVE_ROSSVILLE_GA,-85.277938,34.978946
951,81 CHURCH ST_RINGGOLD_GA,-85.114082,34.916013
952,8104 KARR ST_CHATTANOOGA_TN,-85.1526047,34.9915745
953,811 BROAD ST_CHATTANOOGA_TN,-85.31091,35.0467299
954,812 US 64_CHATTANOOGA_TN,-85.2958023,35.0437705
955,8126 EAST BRAINERD RD_CHATTANOOGA_TN,-85.148773,35.003669
956,814 S SCENIC HWY_CHATTANOOGA_TN,-85.338743,35.006189
957,819 WALNUT SQUARE BLVD_DALTON_GA,-84.9338577,34.7602082
958,82 PRINCE LN_CHICKAMAUGA_GA,-85.3067886,34.9111494
959,821 E 11TH ST_CHATTANOOGA_TN,-85.296697,35.039315
960,821 HOUSTON STREET_CHATTANOOGA_TN,-85.305577,35.045215
961,824 CUMBERLAND ST_CHATTANOOGA_TN,-85.279044,35.0470628
962,824 FLINN DR_CHATTANOOGA_TN,-85.178399,34.990895
963,831 BATTLEFIELD PARKWAY_FORT OGLETHORPE_GA,-85.250852,34.954172
964,8310 COUNTRY BROOK LN_SODDY-DAISY_TN,-85.230591,35.220104
965,832 GEORGIA AVE # 1000_CHATTANOOGA_TN,-85.307429,35.04574
966,832 GEORGIA AVE # 300_CHATTANOOGA_TN,-85.307429,35.04574
967,8338 THUNDER FARMS TRL_OOLTEWAH_TN,-85.067865,35.116101
968,8344 OAK DR_CHATTANOOGA_TN,-85.144056,34.991598
969,8346 IRIS RD_CHATTANOOGA_TN,-85.142113,34.992747
970,835 GEORGIA AVE_CHATTANOOGA_TN,-85.30817,35.0463189
971,836 E 8TH ST_CHATTANOOGA_TN,-85.2976562,35.0434234
972,8379 NEW HWY 53 NE_PLAINVILLE_GA,-85.0252,34.3911
973,8411 HARRISON BAY RD_HARRISON_TN,-85.1075805,35.1520956
974,8443 CROSS TIMBERS CIR_HIXSON_TN,-85.195146,35.20313
975,847 ALLGOOD RD_FLINTSTONE_GA,-85.3595826,34.9295996
976,847 ALLGOOD ROAD_FLINTSTONE_GA,-85.358847,34.929243
977,848 ASHLAND TERRACE_CHATTANOOGA_TN,-85.27019,35.115673
978,8503 HILLTOP DRIVE_OOLTEWAH_TN,-85.03418,35.083956
979,8529 SNOW HILL RD_OOLTEWAH_TN,-85.0594018,35.1654278
980,855 E 5TH ST_CHATTANOOGA_TN,-85.294872,35.047385
981,86 WINDY DR_ROCK SPRING_GA,-85.162423,34.846649
982,8603 CELEBRATION WAY_CHATTANOOGA_TN,-85.1385144,34.9962112
983,8611 CAMP COLUMBUS RD_HIXSON_TN,-85.15629513333333,35.1934261
984,8616 OOLTEWAH GEORGETOWN RD_OOLTEWAH_TN,-85.032373,35.161367
985,8645 E BRAINERD RD_CHATTANOOGA_TN,-85.1328694,35.000922
986,8698 TENNESSEE 320_CHATTANOOGA_TN,-85.1325769,35.0008545
987,8749 E RIDGE TRAIL RD_SODDY-DAISY_TN,-85.143137,35.218409
988,8757 ALABAMA HWY_RINGGOLD_GA,-85.1440222,34.8586303
989,88 SERVICE LN_INDIAN SPRINGS_GA,-85.185848,34.983802
990,8858 RIVER COVE DR_HARRISON_TN,-85.096134,35.177565
991,886 LEE DR_FORT OGLETHORPE_GA,-85.207621,34.908734
992,8922 LA COLLINA WAY_OOLTEWAH_TN,-85.0744191,35.0629961
993,8925 QUAIL RUN DR_CHATTANOOGA_TN,-85.094376,35.027716
994,900 E 11TH ST_CHATTANOOGA_TN,-85.296046,35.038414
995,900 EAST 11TH ST_CHATTANOOGA_TN,-85.285229,35.08466545
996,900 GEORGIA AVE # 309_CHATTANOOGA_TN,-85.308331,35.045369
997,900 GEORGIA AVENUE_CHATTANOOGA_TN,-85.308331,35.045369
998,9001 W OLD LOVELADY RD_SODDY-DAISY_TN,-85.1862487,35.2213287
999,901 JAMES AVE_CHATTANOOGA_TN,-85.152682,34.9972459
1000,901 NORTH MAIN ST_LAFAYETTE_GA,-85.280078,34.720818
1001,9011 WILMA DR_CHATTANOOGA_TN,-85.107268,35.028205
1002,902 MCCALLIE AVE_CHATTANOOGA_TN,-85.292866,35.042349
1003,902 N HAMILTON ST_DALTON_GA,-84.9664366,34.7844854
1004,902 NORTH HAMILTON_DALTON_GA,-84.9664366,34.7844854
1005,904 CLIFTON PL_CHATTANOOGA_TN,-85.2721788,35.0286853
1006,91 4TH ST_TRION_GA,-85.3052692,34.5515535
1007,910 BLACKFORD ST #150_CHATTANOOGA_TN,-85.2909319,35.0497811
1008,910 BLACKFORD ST_CHATTANOOGA_TN,-85.29093193333334,35.04978106666667
1009,910 WISDOM ST_CHATTANOOGA_TN,-85.263211,35.079864
1010,9104 APISON PIKE_COLLEGEDALE_TN,-85.077784,35.062085
1011,9109 PINE RIDGE ROAD_OOLTEWAH_TN,-85.083051,35.03802
1012,9117 FULLER RD_CHATTANOOGA_TN,-85.117326,34.997402
1013,912 GRAYSVILLE RD_CHATTANOOGA_TN,-85.147737,34.996326
1014,9120 HUNDLEY RD_HARRISON_TN,-85.15387,35.116658
1015,913 CREST DR_FAIRVIEW_GA,-85.3012295,34.9094701
1016,9191 SOUTH JAMAICA ST_ENGLEWOOD_CO,-104.890329,39.600348
1017,921 E 3RD ST_CHATTANOOGA_TN,-85.292109,35.049023
1018,9213 LEE HIGHWAY_OOLTEWAH_TN,-85.061526,35.086204
1019,9218 MOUNTAIN SHADOWS DR_CHATTANOOGA_TN,-85.109005,35.014119
1020,9221 HUNTERS BEND CIR_CHATTANOOGA_TN,-85.0874318,35.0204656
1021,923 MISSISSIPPI AVENUE_CHATTANOOGA_TN,-85.294904,35.069603
1022,923 SIGNAL RD_SIGNAL MOUNTAIN_TN,-85.339308,35.123219
1023,9231 LEE HWY_OOLTEWAH_TN,-85.058792,35.083288
1024,9232 LEE HWY_OOLTEWAH_TN,-85.060739,35.082178
1025,9237 HOPI TRAIL_OOLTEWAH_TN,-85.045659,35.096698
1026,925 OSBURN RD_CHICKAMAUGA_GA,-85.2795891,34.894871
1027,927 WEST 37TH STREET_CHATTANOOGA_TN,-85.318846,35.010908
1028,929 3RD ST_CHATTANOOGA_TN,-85.2919304,35.0483235
1029,930 ASHLAND TERRACE_CHATTANOOGA_TN,-85.264549,35.116662
1030,9308 SUGAR PINE DR_SODDY-DAISY_TN,-85.16417,35.219766
1031,931 E 3RD ST_CHATTANOOGA_TN,-85.2918988,35.048291
1032,9310 APISON PIKE_COLLEGEDALE_TN,-85.072124,35.060367
1033,9320 LEE HIGHWAY_OOLTEWAH_TN,-85.059918,35.083099
1034,9334 DAYTON PIKE_SODDY-DAISY_TN,-85.199768,35.234981
1035,936 SPRING CREEK RD_EAST RIDGE_TN,-85.2186967,35.0012383
1036,9362 DAYTON PIKE_SODDY-DAISY_TN,-85.200384,35.236446
1037,9366 BENNIE LN_OOLTEWAH_TN,-85.081903,35.041329
1038,9400 RHEA COUNTY HIGHWAY_DAYTON_TN,-84.981635,35.530281
1039,941 SPRING CREEK RD_CHATTANOOGA_TN,-85.2189165,34.99884
1040,9482 DAISY DALLAS RD_SODDY-DAISY_TN,-85.1907904,35.2359025
1041,950 RIVERSIDE DR_CHATTANOOGA_TN,-85.28642066666667,35.05275533333333
1042,9508 DAYTON PIKE_SODDY-DAISY_TN,-85.19578,35.238616
1043,951 MCBRIEN RD_CHATTANOOGA_TN,-85.230029,35.00304
1044,951 RIVERFRONT PKWY_CHATTANOOGA_TN,-85.322351,35.04903
1045,9515 APISON PIKE_OOLTEWAH_TN,-85.064852,35.059465
1046,9531 WEST RIDGE TRAIL ROAD_SODDY-DAISY_TN,-85.167712,35.231273
1047,958 OLD LOWER RIVER RD NW_CHARLESTON_TN,-84.8009452,35.3045962
1048,960 E 3RD ST_CHATTANOOGA_TN,-85.291169,35.047448
1049,9611 LEE HWY_OOLTEWAH_TN,-85.0480274,35.0786097
1050,9616 OOLTEWAH INDUSTRIAL BLVD_OOLTEWAH_TN,-85.057002,35.080089
1051,9629 EAST BRAINERD ROAD_CHATTANOOGA_TN,-85.096236,35.00038
1052,9650 LEYLAND DR_OOLTEWAH_TN,-85.0757245,35.054353
1053,9659 COUNTY HIGHWAY 378_COLLEGEDALE_TN,-85.0536251,35.0538557
1054,975 E 3RD ST_CHATTANOOGA_TN,-85.28919561428572,35.04937704761906
1055,979 E 3RD ST_CHATTANOOGA_TN,-85.2909227,35.047934
1056,9835 DAYTON PIKE_SODDY-DAISY_TN,-85.188132,35.247442
1057,990 MANUFACTURERS RD_DAYTON_TN,-84.992545,35.529021
1058,990 TOFFIE TERRACE_ATLANTA_GA,-84.429642,33.656477
1059,9912 EXECUTIVE DR_HIXON_TN,-85.235416,35.132261
1060,9917 ROLLING WIND DR_SODDY-DAISY_TN,-85.118621,35.219474
1061,9950 FROST RIDGE DR_EAST BRAINERD_TN,-85.084835,34.998849
1062,998 BATTLEFIELD PARKWAY_FORT OGLETHORPE_GA,-85.248132,34.953241
1063,ALABAMA HWY / NASHVILLE ST_RINGGOLD_GA,-85.1232985,34.9182345
1064,ALLIN ST / N ORCHARD KNOB AVE_CHATTANOOGA_TN,-85.2508606,35.0786427
1065,APPLING STREET / AMNICOLA HWY_CHATTANOOGA_TN,-85.2686413,35.0732939
1066,AUGUSTA AIKEN RD / CHESTERFIELD ST S_AIKEN_SC,-81.7195533,33.5604168
1067,BAILEY AVE / S WILLOW ST_CHATTANOOGA_TN,-85.2728424,35.0321826
1068,BATTLELINE RD / ALEXANDER BRIDGE RD_FORT OGLETHORPE_GA,-85.2547988,34.9326477
1069,BAYLOR SCHOOL RD / NEW BAYLOR SCHOOL RD_CHATTANOOGA_TN,-85.3335956,35.0851153
1070,BEAULIEU RD / ALABAMA 277_BRIDGEPORT_AL,-85.7252021,34.9606039
1071,BELLA VISTA DR / N MOORE RD_CHATTANOOGA_TN,-85.219861,35.0281684
1072,BENNETT RD / JOHN ROSS RD_EAST RIDGE_TN,-85.2556299,34.9943268
1073,BONNY OAKS DR / JERSEY PIKE_CHATTANOOGA_TN,-85.1903227,35.0736013
1074,BONNY OAKS DR / YOUNGSTOWN RD_CHATTANOOGA_TN,-85.2167998,35.0804387
1075,BRAINERD RD / N GERMANTOWN RD_CHATTANOOGA_TN,-85.2464485,35.024155
1076,BROAD ST / W 2ND ST_CHATTANOOGA_TN,-85.3106438,35.0547579
1077,BROAD ST / W 3RD ST_CHATTANOOGA_TN,-85.3106352,35.053493
1078,BROAD ST / W 6TH ST_CHATTANOOGA_TN,-85.3105317,35.0496575
1079,BROOKE STONE DR / EMERALD POINTE DR_SALE CREEK_TN,-85.103858,35.3185285
1080,CAMPBELL ST / MOON ST_CHATTANOOGA_TN,-85.2434349,35.0696258
1081,CENTRAL AVE / E 11TH ST_CHATTANOOGA_TN,-85.2932766,35.0377343
1082,CHURCH ST NE / 2ND ST NE_CLEVELAND_TN,-84.8742903,35.160111
1083,CLARENCE KING DR / UNION GROVE RD SE_ADAIRSVILLE_GA,-84.927104,34.4350278
1084,CRABTREE ST / WOLVERINE DR_TRENTON_GA,-85.5126229,34.8720353
1085,DAYTON PIKE /  HARRISON LN_SODDY-DAISY_TN,-85.200603,35.2363017
1086,DISCOVERY DR_CHATTANOOGA_TN,-85.14955,35.074739
1087,E 11TH ST / DOUGLAS ST_CHATTANOOGA_TN,-85.3037968,35.041806
1088,E 20TH ST / WASHINGTON ST_CHATTANOOGA_TN,-85.3053823,35.0302865
1089,E 3RD ST / CENTRAL AVE_CHATTANOOGA_TN,-85.2881864,35.0468933
1090,E BRAINERD RD / GUNBARREL RD_CHATTANOOGA_TN,-85.1636395,35.015193
1091,E BRAINERD RD / LEE HWY_CHATTANOOGA_TN,-85.2079541,35.0164088
1092,E ML KING BLVD / GEORGIA AVE_CHATTANOOGA_TN,-85.308264,35.0457804
1093,E ML KING BLVD / MARKET ST_CHATTANOOGA_TN,-85.3096801,35.0456297
1094,EAST BRAINERD RD / CONCHORD RD_CHATTANOOGA_TN,-85.172238,35.01875
1095,EAST GATE SHOPING CENTER / LEE HWY_CHATTANOOGA_TN,-85.2159681,35.005914
1096,FLYNN ST / LINDSAY ST_CHATTANOOGA_TN,-85.3065281,35.0457994
1097,FOUNDERS WAY / ENTERPRISE PARK DR_CHATTANOOGA_TN,-85.1855797,35.0706025
1098,GAME RESERVE RD / WHASHA LN_CHATTANOOGA_TN,-85.42724,35.139812
1099,GEORGE TOWN RD / OLD LEE HWY_OOLTEWAH_TN,-85.0948945,35.0728993
1100,GEORGIA 3 / TIPTON DR_INDIAN SPRINGS_GA,-85.1392452,34.9376229
1101,GILLESPIE RD / HOYT ST_CHATTANOOGA_TN,-85.2372711,35.0410709
1102,GLENWOOD DR / CITICO AVE_CHATTANOOGA_TN,-85.2594254,35.0408936
1103,GLENWOOD DR / DESALES AVE_CHATTANOOGA_TN,-85.2594045,35.0404689
1104,HAMBY RD / SEQUOYAH ACCESS RD_SODDY-DAISY_TN,-85.132841,35.230599
1105,HAMILTON AVE / 19TH ST_SOUTH PITTSBURG_TN,-85.7235394,34.9928196
1106,HAMILTON PLACE BLVD / GUNBARREL RD_CHATTANOOGA_TN,-85.3096801,35.0456297
1107,HIXSON PIKE / ADAMS RD_CHATTANOOGA_TN,-85.232778,35.140556
1108,HWY 153 / GADD RD_CHATTANOOGA_TN,-85.2487384,35.1418205
1109,HWY 153 / HAMILL RD_CHATTANOOGA_TN,-85.2394932,35.1230939
1110,IGOU FERRY RD / STONESAGE RD_LAKESITE_TN,-85.0880091,35.2331263
1111,INTERSTATE 24 / HWY 27_CHATTANOOGA_TN,-85.2962555,35.0199898
1112,JAMES BLVD / ROLLING WAY_SIGNAL MOUNTAIN_TN,-85.3362882,35.1331869
1113,JENKINS RD / EAST BRAINERD RD_CHATTANOOGA_TN,-85.1532148,35.0090203
1114,JUPITER RD / FRONTIER BLUFF RD_LOOKOUT MOUNTAIN_GA,-85.3761448,34.965543
1115,LAUREL BRAE DR / STATE HIGHWAY 156_SEWANEE_TN,-85.8919786,35.2009175
1116,LEE HWY / OOLTEWAH RINGGOLD RD_OOLTEWAH_TN,-85.0585229,35.0828724
1117,MARKET ST /  2ND ST_CHATTANOOGA_TN,-85.309711,35.0547818
1118,MARKET ST / E 6TH ST_CHATTANOOGA_TN,-85.3095494,35.0496808
1119,MARKET ST / E 8TH ST_CHATTANOOGA_TN,-85.3095042,35.0470692
1120,MARKET ST / E MARTIN LUTHER KING BLVD_CHATTANOOGA_TN,-85.3096801,35.0456297
1121,MARKET ST / W 6TH ST_CHATTANOOGA_TN,-85.3097054,35.049693
1122,MC FARLAND ST / CHURCH OF CHRIST_ROSSVILLE_GA,-85.2860676,34.9831309
1123,MCCALLIE AVE / N WILLOW ST_CHATTANOOGA_TN,-85.2712547,35.034639
1124,MOUNTAIN CREEK RD / CREEK DR_CHATTANOOGA_TN,-85.3037576,35.1354035
1125,N CREST RD / CABIN RD_CHATTANOOGA_TN,-85.2525529,35.0474137
1126,N LEE HWY / STUART RD NE_CLEVELAND_TN,-84.8456685,35.201046
1127,OAK ST / LINDSAY ST_CHATTANOOGA_TN,-85.3050541,35.0483577
1128,OAK ST / PALMETTO ST_CHATTANOOGA_TN,-85.2953389,35.0446524
1129,PINE ST / CEDAR ST_CHATTANOOGA_TN,-85.2333218,35.0911216
1130,RED HOT TRAIL / CORDELL RD_ROCK SPRING_GA,-85.2137527,34.7534713
1131,RINGGOLD RD / E RIDGE AVE_EAST RIDGE_TN,-85.2434744,34.9972655
1132,RINGGOLD RD / FRUITLAND DR_EAST RIDGE_TN,-85.2302722,34.9935622
1133,RIVER CHASE RD / FOX DEN LN_HIXSON_TN,-85.193527,35.1306316
1134,S HOLLY ST / BENNETT AVE_CHATTANOOGA_TN,-85.2825884,35.0308341
1135,S MARKET ST / ALTON PARK BLVD_CHATTANOOGA_TN,-85.3115107,35.0201481
1136,S PENTZ ST / W CUYLER ST_DALTON_GA,-84.9702228,34.7698021
1137,SCENIC HWY / BAILEY RD_LOOKOUT MOUNTAIN_GA,-85.4108776,34.923465
1138,SCHOOL LN / ALLGOOD RD_CHATTANOOGA VALLEY_GA,-85.3587554,34.9286962
1139,SHALLOWFORD RD / HICKORY VALLEY RD_CHATTANOOGA_TN,-85.166253,35.0462739
1140,SIGNAL MOUNTAIN BLVD / MOUNTAIN CREEK RD_CHATTANOOGA_TN,-85.3280718,35.098569
1141,STANDIFER GAP RD / WALKER RD_CHATTANOOGA_TN,-85.1386973,35.0521811
1142,STEWART ST/RICHARDSON ST_OGLETHORPE_GA,-84.0611549,32.2892473
1143,TAFT HIGHWAY / COUNTY LINE RD_CHATTANOOGA_TN,-85.353642,35.189557
1144,U.S. 11 / E VALLEY DR_BRISTOL_VA,-82.1723062,36.6150803
1145,UNIVERISTY DR / APISON PIKE_COLLEGEDALE_TN,-85.0486677,35.0529119
1146,VOLKSWAGEN DR / US 11_CHATTANOOGA_TN,-85.1122474,35.0733476
1147,W 3RD ST / BROAD ST_CHATTANOOGA_TN,-85.3106352,35.053493
1148,W WALNUT AVE / COLLEGE DR_DALTON_GA,-85.0021173,34.7610439
1149,WARNER BRIDGE RD / CARD RD_SHELBYVILLE_TN,-86.5804473,35.5174913
1150,WILLARD DR / CROSS ST_CHATTANOOGA_TN,-85.2079753,35.0838684
1151,YALE ST / GRASTON AVE_EAST RIDGE_TN,-85.2216726,34.9981559
